Id,Label,indegree,outdegree,Degree,Eccentricity,closnesscentrality,harmonicclosnesscentrality,betweenesscentrality,componentnumber,strongcompnum,modularity_class,clustering,eigencentrality,pageranks
0,,6,9,15,5,0.41076,0.43666,2540.643719,0,70,6,0.208333,0.059395,0.001009
496,,4,7,11,5,0.37,0.395409,41.885371,0,70,0,0.472222,0.014184,0.000619
499,,2,0,2,0,0,0,0,0,4,6,0,0.003084,0.00037
502,,14,8,22,6,0.367035,0.393122,1643.101768,0,70,7,0.202381,0.081044,0.001752
504,,4,4,8,6,0.369716,0.395894,419.108571,0,70,6,0.25,0.017635,0.000775
589,,576,330,906,5,0.555748,0.650069,537917.839964,0,70,0,0.007522,1,0.075171
592,,123,399,522,5,0.582677,0.688167,258193.874814,0,70,7,0.011125,0.296505,0.018021
691,,4,4,8,6,0.36084,0.385291,175.019039,0,70,6,0.333333,0.051474,0.000964
937,,14,12,26,5,0.412168,0.439085,2963.466896,0,70,6,0.172794,0.075483,0.002359
1007,,2,2,4,6,0.284953,0.295929,212.350738,0,70,9,0,0.002986,0.000347
1,,2,3,5,6,0.360976,0.385464,0,0,70,0,0.75,0.012881,0.000265
249,,240,39,279,5,0.440073,0.472419,51422.581093,0,70,0,0.022328,0.514619,0.035917
772,,7,9,16,6,0.367456,0.393815,131.342489,0,70,0,0.320513,0.024706,0.000645
2,,2,3,5,6,0.360976,0.385464,0,0,70,0,0.75,0.012881,0.000263
773,,7,9,16,6,0.367456,0.393815,128.262784,0,70,0,0.320513,0.024706,0.000628
3,,2,3,5,6,0.360976,0.385464,0,0,70,0,0.75,0.012881,0.000267
774,,7,9,16,6,0.367456,0.393815,131.34487,0,70,0,0.320513,0.024706,0.00067
4,,2,3,5,6,0.360976,0.385464,0,0,70,0,0.75,0.012881,0.000266
775,,7,9,16,6,0.367456,0.393815,128.736147,0,70,0,0.326923,0.024706,0.000656
5,,4,3,7,6,0.360976,0.385464,3.649802,0,70,0,0.566667,0.016427,0.000376
776,,7,9,16,6,0.367596,0.393902,125.337714,0,70,0,0.320513,0.024846,0.000677
6,,2,3,5,6,0.360976,0.385464,0,0,70,0,0.75,0.012881,0.000286
777,,7,9,16,6,0.367456,0.393815,596.648668,0,70,0,0.307692,0.024703,0.000874
7,,4,3,7,6,0.360976,0.385464,3.649802,0,70,0,0.566667,0.016424,0.000397
778,,7,9,16,6,0.367596,0.393902,590.774722,0,70,0,0.307692,0.024844,0.000911
8,,4,3,7,6,0.358153,0.381739,366.042564,0,70,3,0.333333,0.051817,0.001124
656,,5,2,7,6,0.308136,0.322089,17.680342,0,70,3,0.55,0.0571,0.000982
734,,71,60,131,5,0.433138,0.474394,13023.950241,0,70,3,0.035989,0.170929,0.009698
9,,3,3,6,6,0.358554,0.382259,304.051334,0,70,8,0.5,0.048368,0.000608
657,,4,7,11,6,0.367596,0.393382,969.181697,0,70,8,0.285714,0.009935,0.00092
10,,5,5,10,6,0.364394,0.389466,478.841312,0,70,3,0.25,0.038512,0.00161
166,,5,6,11,6,0.363293,0.388306,332.71662,0,70,3,0.303571,0.032019,0.001605
316,,39,298,337,5,0.546281,0.633853,124071.708521,0,70,0,0.016386,0.170142,0.011801
513,,15,13,28,6,0.365502,0.393451,3694.143974,0,70,4,0.099265,0.069061,0.003384
733,,63,74,137,5,0.444753,0.488756,43668.847343,0,70,3,0.031934,0.158229,0.008704
819,,250,39,289,5,0.443727,0.475,78599.407086,0,70,0,0.022308,0.551813,0.039539
11,,2,4,6,6,0.365224,0.389692,0,0,70,0,0.866667,0.017927,0.000238
678,,8,7,15,6,0.365919,0.391597,850.101106,0,70,4,0.5,0.046151,0.001767
12,,2,2,4,6,0.357754,0.38096,0,0,70,0,1,0.043262,0.000441
668,,6,10,16,5,0.414477,0.44035,1174.52799,0,70,0,0.401515,0.0625,0.000966
13,,2,3,5,6,0.35842,0.381999,1,0,70,0,0.55,0.014047,0.000311
409,,12,7,19,6,0.361111,0.386642,111.148673,0,70,0,0.219048,0.026871,0.001122
515,,23,5,28,6,0.367456,0.392723,206.096879,0,70,0,0.123016,0.039045,0.001405
14,,2,3,5,6,0.35842,0.381999,1,0,70,0,0.55,0.014047,0.000311
980,,12,7,19,6,0.361382,0.386902,109.554488,0,70,0,0.219048,0.026874,0.001111
15,,2,3,5,6,0.35842,0.381999,1,0,70,0,0.55,0.014047,0.000311
981,,12,7,19,6,0.360976,0.386469,98.015794,0,70,0,0.219048,0.02667,0.001099
16,,2,3,5,6,0.35842,0.381999,1,0,70,0,0.6,0.014049,0.000291
599,,12,10,22,5,0.410935,0.436972,1220.660929,0,70,0,0.176471,0.026947,0.00111
17,,2,3,5,6,0.358554,0.382086,1,0,70,0,0.55,0.014047,0.000267
600,,12,7,19,6,0.361926,0.387595,126.380276,0,70,0,0.219048,0.026675,0.001002
18,,2,3,5,6,0.35842,0.381999,1,0,70,0,0.55,0.014045,0.00031
757,,11,7,18,6,0.360976,0.386469,93.122455,0,70,0,0.214286,0.02425,0.001051
19,,2,3,5,6,0.358554,0.382086,1,0,70,0,0.55,0.014044,0.000266
759,,11,7,18,6,0.36179,0.387422,113.327563,0,70,0,0.214286,0.024094,0.00095
20,,2,3,5,6,0.35842,0.381999,0,0,70,0,0.55,0.012894,0.000254
516,,23,5,28,6,0.370999,0.395669,255.232704,0,70,0,0.17328,0.03866,0.001278
21,,2,3,5,6,0.35842,0.381999,0,0,70,0,0.55,0.012894,0.000254
22,,2,3,5,6,0.35842,0.381999,0,0,70,0,0.55,0.012894,0.000254
23,,2,3,5,6,0.35842,0.381999,0,0,70,0,0.6,0.012895,0.000247
24,,2,3,5,6,0.358554,0.382086,0,0,70,0,0.55,0.012894,0.000245
25,,2,3,5,6,0.35842,0.381999,0,0,70,0,0.55,0.012891,0.000253
26,,2,3,5,6,0.358554,0.382086,0,0,70,0,0.55,0.012891,0.000245
27,,4,5,9,6,0.361247,0.386244,14.133776,0,70,0,0.47619,0.019777,0.000493
240,,33,16,49,6,0.321309,0.341407,3273.286518,0,70,3,0.072269,0.111133,0.004348
570,,26,25,51,6,0.377996,0.410707,3670.796484,0,70,0,0.099865,0.110848,0.003416
28,,4,5,9,6,0.361382,0.386331,14.122665,0,70,0,0.47619,0.019781,0.000498
29,,4,5,9,6,0.361247,0.386244,13.674971,0,70,0,0.5,0.019777,0.000505
30,,4,5,9,6,0.361382,0.386331,316.595054,0,70,0,0.428571,0.019779,0.000709
31,,4,5,9,6,0.361247,0.386244,316.409123,0,70,0,0.428571,0.019774,0.000699
32,,3,5,8,6,0.364118,0.388669,37.964387,0,70,3,0.285714,0.008114,0.000602
562,,36,35,71,5,0.387435,0.422748,15385.494279,0,70,0,0.096154,0.128133,0.004582
735,,76,36,112,5,0.382201,0.418468,27615.470608,0,70,3,0.028945,0.171742,0.017603
843,,7,9,16,6,0.367035,0.393468,690.267934,0,70,0,0.352564,0.069163,0.000849
33,,4,5,9,6,0.361247,0.386244,14.133776,0,70,0,0.47619,0.019777,0.000516
34,,4,5,9,6,0.361247,0.386244,13.700098,0,70,3,0.47619,0.019777,0.000478
35,,0,2,2,6,0.357727,0.38091,0,0,71,7,0,0,0.000165
112,,2,2,4,6,0.308235,0.319265,7.885437,0,70,7,0.25,0.012017,0.000274
36,,0,2,2,6,0.357727,0.38091,0,0,72,7,0,0,0.000165
116,,2,2,4,6,0.308333,0.319525,7.965137,0,70,7,0.25,0.012017,0.000274
37,,0,2,2,6,0.357727,0.38091,0,0,73,7,0,0,0.000165
121,,2,2,4,6,0.30784,0.318659,7.899325,0,70,7,0.25,0.012017,0.000274
38,,0,2,2,6,0.357727,0.38091,0,0,74,7,0,0,0.000165
170,,2,2,4,6,0.308037,0.319006,7.985437,0,70,7,0.25,0.012017,0.000274
39,,1,3,4,5,0.362062,0.384148,0,0,70,4,0.666667,0.040807,0.000359
738,,57,13,70,5,0.426041,0.451403,13152.496003,0,70,0,0.091808,0.20334,0.00922
861,,55,22,77,5,0.428699,0.456601,22312.035709,0,70,4,0.057892,0.157409,0.007942
40,,5,3,8,6,0.358287,0.381913,339.508102,0,70,7,0.3,0.060764,0.000733
41,,4,4,8,6,0.318017,0.331687,110.312235,0,70,7,0.166667,0.021476,0.000768
42,,3,3,6,6,0.358153,0.381826,83.991541,0,70,0,0.35,0.048253,0.000556
830,,139,9,148,5,0.403016,0.428448,35053.894727,0,70,0,0.026744,0.304707,0.017595
278,,98,9,107,6,0.360435,0.385793,12994.451179,0,70,0,0.040198,0.240723,0.012443
473,,7,3,10,6,0.358153,0.381826,127.289355,0,70,2,0.232143,0.055128,0.000926
43,,4,2,6,6,0.298851,0.310118,16.851166,0,70,7,0.233333,0.018585,0.000604
892,,14,26,40,5,0.420822,0.451403,10018.081627,0,70,1,0.077586,0.091834,0.003668
44,,2,2,4,6,0.277954,0.29132,20.55405,0,70,3,0.25,0.008542,0.000618
935,,3,2,5,6,0.279489,0.292966,173.006751,0,70,3,0.2,0.047334,0.00069
45,,3,5,8,5,0.409188,0.433714,800.331601,0,70,6,0.4,0.048873,0.000956
145,,3,8,11,5,0.367316,0.392204,54.587827,0,70,6,0.194444,0.008098,0.000546
264,,4,2,6,6,0.299875,0.311781,34.932333,0,70,6,0.583333,0.056107,0.001244
736,,37,77,114,5,0.443522,0.489414,9871.698795,0,70,3,0.040993,0.158291,0.006194
46,,3,5,8,5,0.409188,0.433714,818.089507,0,70,7,0.35,0.04891,0.000978
67,,5,2,7,6,0.299875,0.311781,68.269252,0,70,7,0.35,0.056605,0.001294
146,,3,2,5,6,0.300062,0.311071,8.757191,0,70,7,0,0.007977,0.000552
47,,0,2,2,6,0.308357,0.322447,0,0,75,3,0,0,0.000165
117,,3,3,6,6,0.360435,0.384771,308.634334,0,70,3,0.15,0.047988,0.000567
48,,5,2,7,7,0.266187,0.277242,56.300978,0,70,8,0.1,0.013516,0.00087
259,,5,3,8,6,0.292935,0.303933,133.366488,0,70,6,0,0.006714,0.001015
511,,10,10,20,6,0.361654,0.388167,2975.037607,0,70,8,0.153846,0.069034,0.002692
49,,0,4,4,6,0.312054,0.328764,0,0,76,3,0.666667,0,0.000165
78,,3,3,6,6,0.31173,0.327893,2.682542,0,70,3,0.5,0.047046,0.000463
196,,8,5,13,6,0.368582,0.393728,171.423507,0,70,3,0.482143,0.072425,0.001595
50,,2,2,4,6,0.299222,0.309026,0.333333,0,70,7,0.416667,0.012945,0.000247
194,,3,2,5,6,0.277074,0.29035,29.594489,0,70,7,0.3,0.053252,0.000502
51,,3,1,4,7,0.268715,0.278737,3.455047,0,70,3,0.166667,0.01331,0.00043
52,,4,7,11,6,0.367316,0.393035,984.923418,0,70,7,0.522222,0.019955,0.000701
364,,82,11,93,6,0.370713,0.398146,17426.917102,0,70,3,0.04891,0.22876,0.011503
1010,,7,4,11,6,0.365502,0.389951,475.024696,0,70,7,0.381818,0.023524,0.000713
53,,2,7,9,6,0.36003,0.385256,267.187177,0,70,0,0.321429,0.014047,0.000311
288,,3,0,3,0,0,0,0,0,34,0,0.333333,0.002985,0.000284
787,,6,6,12,6,0.366337,0.391597,1007.48384,0,70,0,0.388889,0.061636,0.000758
54,,2,7,9,6,0.36003,0.385256,267.187177,0,70,0,0.321429,0.014047,0.000311
289,,3,0,3,0,0,0,0,0,33,0,0.333333,0.002985,0.000284
788,,6,6,12,6,0.366337,0.391597,1007.438464,0,70,0,0.388889,0.061636,0.000757
55,,2,7,9,6,0.36003,0.385256,267.632515,0,70,0,0.321429,0.014047,0.000311
290,,3,0,3,0,0,0,0,0,47,0,0.333333,0.002985,0.000284
789,,6,6,12,6,0.366337,0.391597,1008.144202,0,70,0,0.388889,0.061629,0.000756
56,,3,7,10,6,0.360165,0.38543,744.516733,0,70,0,0.263889,0.014457,0.000338
291,,3,0,3,0,0,0,0,0,32,0,0.333333,0.003056,0.000285
790,,6,7,13,6,0.366616,0.39229,1840.098922,0,70,0,0.322222,0.061674,0.00072
57,,2,7,9,6,0.360705,0.386036,267.632515,0,70,0,0.321429,0.014047,0.000267
292,,3,0,3,0,0,0,0,0,35,0,0.333333,0.002985,0.000269
791,,6,10,16,6,0.368159,0.394941,2694.356804,0,70,0,0.198718,0.061629,0.000739
58,,2,7,9,6,0.36003,0.385256,267.764903,0,70,0,0.321429,0.014045,0.00031
293,,3,0,3,0,0,0,0,0,46,0,0.333333,0.002982,0.000283
792,,6,6,12,6,0.366337,0.391597,1037.792141,0,70,0,0.388889,0.061543,0.000751
59,,2,7,9,6,0.360705,0.386036,267.90721,0,70,0,0.321429,0.014044,0.000266
294,,3,0,3,0,0,0,0,0,66,0,0.333333,0.002982,0.000268
793,,6,10,16,6,0.368159,0.394941,2725.023954,0,70,0,0.198718,0.061539,0.000734
60,,2,7,9,6,0.3603,0.385603,210.400035,0,70,0,0.339286,0.012894,0.000254
796,,7,11,18,6,0.37057,0.397315,1577.403871,0,70,0,0.285714,0.024899,0.000649
61,,2,7,9,6,0.3603,0.385603,210.344479,0,70,0,0.339286,0.012894,0.000254
797,,7,11,18,6,0.37057,0.397315,1576.959427,0,70,0,0.285714,0.024899,0.000648
62,,2,7,9,6,0.3603,0.385603,210.767245,0,70,0,0.339286,0.012894,0.000254
798,,7,11,18,6,0.37057,0.397315,1576.228624,0,70,0,0.285714,0.024892,0.000647
63,,3,7,10,6,0.360435,0.385776,691.649402,0,70,0,0.277778,0.013304,0.000294
799,,7,12,19,6,0.370856,0.398008,1716.95923,0,70,0,0.252381,0.024937,0.00061
64,,2,7,9,6,0.360705,0.386036,210.767245,0,70,0,0.339286,0.012894,0.000245
800,,7,13,20,6,0.371572,0.399012,2137.753747,0,70,0,0.216667,0.024892,0.000631
65,,2,7,9,6,0.3603,0.385603,210.809092,0,70,0,0.339286,0.012891,0.000253
801,,7,11,18,6,0.37057,0.397315,1576.568051,0,70,0,0.285714,0.024806,0.000641
66,,2,7,9,6,0.360705,0.386036,210.933879,0,70,0,0.339286,0.012891,0.000245
802,,7,13,20,6,0.371572,0.399012,2137.448831,0,70,0,0.216667,0.024801,0.000626
68,,3,3,6,6,0.304334,0.317897,93.150486,0,70,4,0,0.012476,0.000813
891,,3,5,8,5,0.363156,0.386019,320.791491,0,70,4,0.35,0.047471,0.000658
69,,6,6,12,6,0.28941,0.307814,238.111615,0,70,1,0.196429,0.024482,0.001122
212,,2,3,5,6,0.30119,0.311972,161.837462,0,70,1,0.2,0.042053,0.000518
218,,20,29,49,5,0.384339,0.418001,15972.706373,0,70,2,0.066145,0.044996,0.004119
315,,3,5,8,6,0.36057,0.384286,193.27641,0,70,1,0.45,0.047884,0.000586
565,,16,17,33,5,0.377403,0.40648,1971.306566,0,70,1,0.228261,0.122445,0.003334
70,,1,3,4,6,0.369858,0.395426,972.304057,0,70,4,0.166667,0.000502,0.000459
144,,2,4,6,6,0.370427,0.396674,9.633333,0,70,8,0.466667,0.041253,0.000489
71,,3,2,5,6,0.308037,0.318832,968.839987,0,70,7,0.35,0.015915,0.000399
119,,1,2,3,6,0.369148,0.394421,177.812401,0,70,7,0.166667,0.000937,0.000335
72,,2,3,5,6,0.36057,0.384685,1.6625,0,70,0,0.5,0.012881,0.000265
73,,3,2,5,6,0.302897,0.313444,10.645725,0,70,3,0.05,0.009302,0.000472
74,,3,3,6,6,0.360435,0.384771,245.121158,0,70,3,0.3,0.044816,0.000594
75,,1,3,4,6,0.36057,0.384945,2.643254,0,70,4,0.333333,0.001719,0.000267
76,,4,2,6,6,0.302706,0.313184,17.067187,0,70,4,0,0.015887,0.000803
77,,0,3,3,6,0.311953,0.328159,0,0,77,3,0.333333,0,0.000165
551,,8,5,13,6,0.362199,0.387249,289.43827,0,70,3,0.311111,0.073647,0.001207
630,,5,3,8,6,0.358153,0.381739,126.769667,0,70,3,0.55,0.058137,0.000967
79,,3,2,5,6,0.277874,0.291268,20.44891,0,70,6,0,0.013545,0.000356
783,,3,4,7,6,0.358955,0.382918,428.877508,0,70,0,0.2,0.047515,0.000579
80,,5,6,11,6,0.369716,0.395461,341.399452,0,70,8,0.222222,0.046944,0.000795
81,,9,8,17,5,0.41076,0.436019,1811.010029,0,70,8,0.195238,0.065905,0.001289
417,,12,11,23,6,0.377699,0.407328,3559.274606,0,70,8,0.079167,0.026521,0.002355
564,,11,8,19,6,0.371716,0.398025,171.807574,0,70,3,0.25,0.070186,0.001158
257,,12,2,14,7,0.268265,0.278789,458.117566,0,70,6,0.005495,0.01686,0.001168
436,,3,0,3,0,0,0,0,0,60,8,0.166667,0.006189,0.000515
708,,15,9,24,5,0.411287,0.436885,1859.113412,0,70,8,0.162338,0.082561,0.001874
910,,25,10,35,6,0.369148,0.395859,3855.906139,0,70,3,0.133903,0.138121,0.005475
946,,4,0,4,0,0,0,0,0,15,8,0.416667,0.046996,0.000708
82,,7,7,14,6,0.309126,0.322644,1134.046674,0,70,7,0.02381,0.03373,0.002682
83,,1,3,4,6,0.276675,0.289172,8.890438,0,70,1,0,0.00154,0.000491
392,,5,5,10,6,0.359089,0.383143,297.146464,0,70,7,0.380952,0.059128,0.001437
414,,6,3,9,6,0.358153,0.381739,291.880791,0,70,7,0.233333,0.058846,0.001312
430,,6,3,9,6,0.358287,0.381826,336.29066,0,70,7,0.366667,0.060195,0.001326
462,,6,5,11,6,0.361111,0.386244,342.279507,0,70,7,0.357143,0.060975,0.001473
945,,5,5,10,6,0.360976,0.386071,352.699873,0,70,7,0.366667,0.05836,0.001606
216,,13,7,20,6,0.370285,0.396015,1568.805984,0,70,1,0.180952,0.071121,0.00175
84,,6,3,9,6,0.308531,0.323129,1020.316496,0,70,3,0.3,0.053692,0.00099
573,,7,6,13,6,0.363293,0.388306,1407.44912,0,70,3,0.288889,0.068228,0.001104
620,,1,4,5,6,0.312034,0.32876,10.054984,0,70,3,0.5,0.002199,0.000446
85,,2,3,5,6,0.360705,0.384771,1.6625,0,70,0,0.5,0.012885,0.000268
86,,2,3,5,6,0.36057,0.384685,1.540705,0,70,0,0.55,0.012881,0.000266
87,,2,2,4,6,0.290722,0.300502,2.780556,0,70,6,0,0.001761,0.000486
113,,2,5,7,5,0.409362,0.433888,1170.776511,0,70,3,0.25,0.012113,0.00041
114,,4,2,6,6,0.368582,0.393815,1130.338558,0,70,6,0,0.01494,0.000589
88,,4,2,6,6,0.301662,0.31289,25.4594,0,70,7,0.266667,0.020354,0.000376
261,,20,25,45,5,0.422857,0.452824,13530.077349,0,70,3,0.068966,0.087588,0.004043
692,,14,10,24,5,0.41627,0.442082,1602.230255,0,70,6,0.2,0.037031,0.00163
89,,2,5,7,6,0.363156,0.387231,185.117153,0,70,0,0.5,0.007625,0.000406
176,,6,2,8,6,0.306077,0.317325,111.728416,0,70,0,0.333333,0.026095,0.000487
939,,7,2,9,6,0.306272,0.317464,268.263115,0,70,0,0.375,0.062036,0.00085
90,,1,1,2,7,0.232704,0.23787,0.790476,0,70,3,0,0.000936,0.000393
698,,4,2,6,6,0.302897,0.313306,967.717462,0,70,3,0.25,0.023438,0.00131
91,,3,2,5,6,0.368582,0.393815,1155.561762,0,70,3,0.083333,0.015814,0.000535
92,,3,2,5,6,0.287765,0.297904,2.541606,0,70,0,0.45,0.048896,0.000491
177,,3,3,6,6,0.36084,0.385118,766.596315,0,70,0,0.2,0.043936,0.000588
93,,1,3,4,6,0.376369,0.402148,684.610419,0,70,9,0.333333,0.000677,0.000321
591,,2,4,6,6,0.376959,0.403188,13,0,70,9,0.4,0.007223,0.000394
94,,1,4,5,6,0.2747,0.287509,4.323774,0,70,7,0.05,0.002463,0.000219
827,,6,6,12,6,0.363568,0.387838,1843.751759,0,70,3,0.194444,0.056825,0.001299
95,,2,3,5,6,0.360705,0.384771,1.6625,0,70,0,0.5,0.012885,0.00029
96,,2,3,5,6,0.36057,0.384685,1.6625,0,70,0,0.5,0.012881,0.000286
97,,5,3,8,6,0.359089,0.382571,654.904885,0,70,6,0.321429,0.027983,0.00044
101,,2,5,7,6,0.366197,0.391078,28.743473,0,70,6,0.285714,0.002456,0.000316
98,,5,3,8,6,0.358955,0.382484,635.665305,0,70,6,0.303571,0.026749,0.000409
100,,2,5,7,6,0.365919,0.390818,27.621861,0,70,6,0.285714,0.002426,0.000307
99,,5,3,8,6,0.35842,0.381965,55.827058,0,70,6,0.357143,0.026748,0.000408
863,,20,6,26,5,0.409885,0.434667,1900.483886,0,70,8,0.167984,0.110138,0.003138
102,,2,5,7,6,0.365919,0.390818,572.579363,0,70,6,0.333333,0.04129,0.0005
103,,2,2,4,7,0.276755,0.288127,969.890407,0,70,0,0,0.008166,0.000366
363,,22,6,28,6,0.313559,0.328344,503.431825,0,70,0,0.073333,0.063674,0.002635
104,,5,3,8,6,0.371572,0.397263,224.139421,0,70,3,0.4,0.024058,0.000682
795,,7,27,34,5,0.409188,0.439951,9651.290434,0,70,4,0.107143,0.049338,0.001918
105,,0,2,2,6,0.308555,0.319626,0,0,78,8,0,0,0.000165
571,,9,6,15,6,0.358821,0.383732,223.102686,0,70,8,0.318182,0.078214,0.001214
106,,2,2,4,6,0.369432,0.394473,1355.370597,0,70,4,0,0.002331,0.000378
909,,1,3,4,6,0.289585,0.30071,8.766782,0,70,4,0,0.000517,0.000326
107,,2,3,5,6,0.36057,0.384685,1.6625,0,70,0,0.5,0.012881,0.000267
108,,2,3,5,6,0.36057,0.384685,1.6625,0,70,0,0.5,0.012881,0.000263
111,,4,2,6,6,0.298943,0.310152,24.663875,0,70,3,0,0.012719,0.000499
984,,5,11,16,5,0.414655,0.44087,1835.633527,0,70,0,0.19697,0.058628,0.000791
245,,6,8,14,6,0.362472,0.3886,359.645283,0,70,0,0.4,0.068013,0.002315
115,,2,2,4,7,0.272136,0.283502,11.264683,0,70,3,0.083333,0.007253,0.000335
184,,2,2,4,6,0.300156,0.311244,63.30333,0,70,3,0.333333,0.041475,0.000502
390,,4,7,11,6,0.360435,0.385655,348.633191,0,70,7,0.319444,0.05596,0.000887
118,,4,2,6,7,0.271062,0.282289,16.536483,0,70,3,0.166667,0.020424,0.000524
1034,,4,1,5,8,0.179645,0.18374,246.379393,0,70,0,0.3,0.049998,0.00076
120,,3,2,5,6,0.278841,0.292065,27.835502,0,70,7,0,0.009459,0.000858
897,,3,5,8,6,0.363156,0.387561,877.064989,0,70,4,0.2,0.047392,0.000792
583,,7,5,12,6,0.36084,0.385984,295.016988,0,70,0,0.357143,0.061055,0.001244
122,,3,5,8,5,0.409188,0.433714,1553.908464,0,70,3,0.35,0.04887,0.000959
241,,6,2,8,6,0.299969,0.311868,92.287043,0,70,3,0.3,0.054581,0.00125
326,,1,3,4,6,0.312034,0.32824,8.231926,0,70,3,0.166667,0.001984,0.000328
123,,2,5,7,5,0.410235,0.434494,880.970308,0,70,2,0.25,0.012223,0.00046
211,,4,1,5,6,0.277714,0.289553,21.097702,0,70,2,0.166667,0.011109,0.000566
317,,3,3,6,6,0.296914,0.307831,117.607687,0,70,2,0,0.004861,0.000905
124,,3,2,5,6,0.36929,0.394508,1395.853483,0,70,3,0.35,0.048434,0.000616
920,,1,3,4,6,0.312135,0.328413,25.554762,0,70,3,0.166667,0.001972,0.000427
125,,1,4,5,5,0.414298,0.437924,0,0,70,3,0.75,0.040807,0.000359
418,,6,2,8,6,0.357754,0.38096,538.877312,0,70,3,0.428571,0.059648,0.000856
126,,3,2,5,6,0.36929,0.394508,1399.902464,0,70,3,0.35,0.048477,0.000677
921,,1,3,4,6,0.312439,0.328933,25.554762,0,70,3,0.166667,0.001973,0.000453
127,,3,2,5,6,0.36929,0.394508,1373.824097,0,70,3,0.35,0.048488,0.000651
922,,1,3,4,6,0.312642,0.329193,26.304762,0,70,3,0.166667,0.001973,0.000442
128,,3,2,5,6,0.36929,0.394508,1373.657431,0,70,3,0.35,0.048488,0.000643
919,,1,3,4,6,0.312236,0.328586,25.054762,0,70,3,0.166667,0.001973,0.000439
129,,2,5,7,5,0.41006,0.434321,691.959422,0,70,2,0.25,0.012257,0.000368
151,,2,2,4,6,0.278437,0.291199,24.498005,0,70,2,0.166667,0.007257,0.000328
399,,3,3,6,6,0.297833,0.308836,17.91906,0,70,2,0,0.006249,0.00058
130,,2,5,7,5,0.41006,0.434321,690.509422,0,70,2,0.25,0.012258,0.00037
152,,2,2,4,6,0.278437,0.291199,24.498005,0,70,2,0.166667,0.007257,0.000328
408,,3,3,6,6,0.297833,0.308836,17.905171,0,70,2,0,0.006266,0.000588
131,,3,5,8,5,0.409188,0.433714,1541.169848,0,70,3,0.35,0.048798,0.000909
153,,5,2,7,6,0.299969,0.311868,47.781986,0,70,3,0.3,0.053008,0.001133
931,,1,3,4,6,0.312541,0.329019,8.648593,0,70,3,0.166667,0.001982,0.00032
132,,3,5,8,5,0.409536,0.433974,2505.703182,0,70,3,0.35,0.048798,0.00091
154,,5,2,7,6,0.300156,0.312006,62.697102,0,70,3,0.3,0.053007,0.001136
933,,2,4,6,6,0.312642,0.329418,1077.076867,0,70,3,0.1,0.002428,0.000372
133,,2,5,7,5,0.410235,0.434494,691.021107,0,70,2,0.25,0.012261,0.000375
155,,2,2,4,6,0.278115,0.290679,32.998881,0,70,2,0.25,0.007257,0.000329
622,,3,3,6,6,0.297833,0.308836,19.030171,0,70,2,0,0.006366,0.000604
134,,2,5,7,5,0.41006,0.434321,674.681599,0,70,2,0.25,0.012338,0.000415
156,,2,2,4,6,0.278679,0.291389,23.496726,0,70,2,0.166667,0.007259,0.000336
602,,4,3,7,6,0.297833,0.308836,23.130769,0,70,2,0,0.008459,0.000744
135,,3,5,8,5,0.409188,0.433714,1567.627436,0,70,3,0.35,0.048787,0.000916
157,,5,2,7,6,0.299969,0.311868,93.101783,0,70,3,0.25,0.052613,0.00115
936,,1,3,4,6,0.312034,0.32824,8.231926,0,70,3,0.166667,0.001981,0.000321
136,,5,8,13,5,0.410585,0.43614,4044.048377,0,70,3,0.178571,0.053747,0.001179
158,,5,2,7,6,0.300719,0.312821,67.371108,0,70,3,0.3,0.053211,0.001045
948,,1,3,4,6,0.312846,0.329331,12.032561,0,70,3,0.166667,0.002169,0.000291
987,,2,5,7,6,0.359357,0.383905,229.69309,0,70,9,0.238095,0.002985,0.00037
988,,2,4,6,6,0.298572,0.309806,14.776106,0,70,9,0,0.004205,0.000357
137,,2,5,7,5,0.41006,0.434321,691.959422,0,70,2,0.25,0.012257,0.000368
159,,2,2,4,6,0.278195,0.290852,22.256245,0,70,2,0.25,0.007257,0.000328
754,,3,3,6,6,0.297833,0.308836,17.91906,0,70,2,0,0.006249,0.00058
138,,3,5,8,5,0.409188,0.433714,1541.103182,0,70,3,0.35,0.048798,0.000887
161,,5,2,7,6,0.299969,0.311868,47.627322,0,70,3,0.3,0.053024,0.001082
950,,1,3,4,6,0.312236,0.328586,8.231926,0,70,3,0.166667,0.001982,0.000316
139,,3,5,8,5,0.409188,0.433714,1567.627436,0,70,3,0.35,0.048787,0.000916
160,,5,2,7,6,0.299969,0.311868,93.151783,0,70,3,0.25,0.052613,0.001149
949,,1,3,4,6,0.312135,0.328413,8.231926,0,70,3,0.166667,0.001981,0.000321
140,,2,5,7,5,0.41006,0.434321,675.70384,0,70,2,0.25,0.012336,0.000408
162,,2,2,4,6,0.278679,0.291389,23.496726,0,70,2,0.166667,0.007259,0.000335
763,,4,3,7,6,0.297833,0.308836,21.847558,0,70,2,0,0.008411,0.000722
141,,3,5,8,5,0.409188,0.433714,1541.103182,0,70,3,0.35,0.048798,0.000876
163,,5,2,7,6,0.299969,0.311868,47.618134,0,70,3,0.3,0.053024,0.001056
951,,1,3,4,6,0.312338,0.32876,8.231926,0,70,3,0.166667,0.001982,0.000314
142,,1,4,5,5,0.414298,0.437924,0,0,70,3,0.75,0.040807,0.000359
425,,6,2,8,6,0.357754,0.38096,538.960645,0,70,3,0.428571,0.05968,0.000865
143,,2,5,7,5,0.41006,0.434321,675.269695,0,70,2,0.25,0.012338,0.000418
165,,2,2,4,6,0.278679,0.291389,24.498005,0,70,2,0.166667,0.007259,0.000336
929,,4,3,7,6,0.297833,0.308836,23.614103,0,70,2,0,0.008459,0.000754
636,,4,3,7,5,0.408493,0.432328,99.354597,0,70,8,0.666667,0.057071,0.00072
977,,9,7,16,5,0.363568,0.387231,894.742118,0,70,8,0.287879,0.075958,0.0018
365,,42,36,78,5,0.385108,0.421604,13501.934368,0,70,2,0.080694,0.182286,0.007748
1026,,6,8,14,5,0.37057,0.39624,654.133947,0,70,0,0.509091,0.06811,0.000762
632,,5,8,13,5,0.370142,0.395807,905.230681,0,70,0,0.5,0.064364,0.000777
147,,3,2,5,6,0.300062,0.312041,51.561321,0,70,3,0.15,0.04186,0.000444
148,,3,2,5,6,0.300062,0.312041,66.155411,0,70,3,0.2,0.043576,0.000587
149,,3,2,5,6,0.300062,0.312041,20.646534,0,70,3,0.25,0.043986,0.000525
150,,3,2,5,6,0.300062,0.312041,20.646534,0,70,3,0.25,0.043986,0.000507
756,,7,5,12,6,0.362335,0.386192,1072.342462,0,70,2,0.190476,0.059546,0.001129
402,,7,5,12,6,0.362335,0.386192,1072.342462,0,70,2,0.190476,0.059546,0.001129
322,,6,2,8,7,0.266408,0.27823,105.543392,0,70,2,0.1,0.015912,0.00118
930,,7,5,12,6,0.362745,0.386538,901.629865,0,70,2,0.190476,0.060117,0.00122
625,,8,5,13,6,0.362199,0.386019,931.718111,0,70,2,0.25,0.062907,0.001264
821,,7,5,12,6,0.362745,0.386538,918.277216,0,70,2,0.190476,0.06012,0.001176
164,,2,2,4,7,0.271521,0.282826,14.739257,0,70,4,0.083333,0.00097,0.000333
411,,7,5,12,6,0.362745,0.386538,1044.198457,0,70,2,0.190476,0.060037,0.001175
167,,2,2,4,6,0.299595,0.310551,45.364596,0,70,3,0,0.007894,0.000493
854,,2,2,4,6,0.311025,0.323077,66.335165,0,70,3,0.083333,0.005625,0.000486
168,,2,4,6,6,0.313662,0.326386,3881.339818,0,70,4,0.333333,0.003412,0.000807
350,,2,8,10,5,0.368582,0.392672,3163.078202,0,70,4,0.097222,0.000991,0.000372
898,,4,2,6,6,0.308828,0.319265,1733.0668,0,70,4,0.25,0.030277,0.001367
169,,0,2,2,6,0.274281,0.285549,0,0,79,0,0,0,0.000165
266,,15,16,31,5,0.377255,0.406046,3252.055725,0,70,0,0.262846,0.101052,0.003032
901,,2,0,2,0,0,0,0,0,69,0,0,0.041215,0.000429
1024,,7,6,13,6,0.359492,0.384598,389.169295,0,70,7,0.277778,0.063715,0.001781
171,,6,3,9,6,0.361518,0.384945,476.163204,0,70,3,0.357143,0.065509,0.000855
917,,2,4,6,6,0.359895,0.383922,6.561289,0,70,3,0.433333,0.006061,0.000545
172,,2,3,5,6,0.35842,0.382086,4.805495,0,70,3,0.4,0.005964,0.000374
173,,1,2,3,6,0.287938,0.298042,7.747269,0,70,0,0,0.000505,0.000234
426,,2,4,6,6,0.365363,0.389778,589.690736,0,70,0,0.2,0.001088,0.000387
174,,2,3,5,5,0.362199,0.384442,972.297269,0,70,0,0.3,0.001854,0.000244
175,,0,3,3,6,0.360674,0.385064,0,0,80,0,0.5,0,0.000165
178,,2,2,4,6,0.300625,0.311036,965.800095,0,70,1,0.25,0.012465,0.000642
180,,1,2,3,6,0.288542,0.298649,5.171569,0,70,4,0,0.000484,0.000205
183,,0,3,3,6,0.360539,0.384891,0,0,81,0,0.333333,0,0.000165
185,,5,2,7,6,0.287679,0.297817,3.236111,0,70,0,0.190476,0.01247,0.000394
659,,5,6,11,6,0.366058,0.391216,576.130092,0,70,0,0.511111,0.065435,0.000756
186,,5,5,10,6,0.362335,0.386694,649.933638,0,70,3,0.4,0.040441,0.001689
312,,8,24,32,5,0.376664,0.408559,1935.825389,0,70,8,0.213846,0.090184,0.00188
313,,5,7,12,5,0.412168,0.437093,732.274681,0,70,3,0.404762,0.057381,0.0012
187,,6,6,12,5,0.415371,0.43957,505.998206,0,70,3,0.566667,0.068786,0.00089
466,,6,8,14,6,0.365224,0.390818,1268.56332,0,70,4,0.375,0.05666,0.001264
765,,4,4,8,6,0.310924,0.326611,83.11554,0,70,3,0.166667,0.013216,0.000566
188,,2,4,6,6,0.358821,0.382744,136.050432,0,70,0,0.266667,0.007168,0.000331
189,,3,2,5,7,0.271368,0.282601,3.905556,0,70,0,0.05,0.002952,0.00028
782,,2,2,4,6,0.28811,0.298423,37.615474,0,70,0,0.333333,0.041367,0.000478
190,,3,3,6,6,0.37057,0.3965,1573.876119,0,70,7,0.25,0.014082,0.000673
434,,2,2,4,6,0.296456,0.306064,4.9596,0,70,7,0,0.001347,0.000463
191,,1,5,6,6,0.365779,0.390644,961.22619,0,70,0,0.3,0.000735,0.000517
195,,4,1,5,7,0.267892,0.277698,967.22619,0,70,0,0.083333,0.008485,0.000413
192,,1,4,5,5,0.409014,0.433108,1946.373585,0,70,7,0.25,0.001985,0.000783
557,,4,1,5,6,0.290371,0.299515,1952.373585,0,70,7,0.25,0.047962,0.000727
826,,1,2,3,6,0.299688,0.309425,2.833333,0,70,7,0,0.000483,0.000332
193,,3,2,5,6,0.308037,0.318832,479.61911,0,70,7,0.4,0.048772,0.000641
197,,2,2,4,6,0.300907,0.311296,4.083883,0,70,7,0,0.003438,0.000369
199,,3,1,4,7,0.269846,0.279985,1933,0,70,7,0,0.007585,0.000455
200,,1,3,4,6,0.369432,0.394906,1927,0,70,7,0,0.000687,0.000552
432,,1,5,6,6,0.36343,0.387578,188.434192,0,70,7,0.266667,0.000451,0.000322
201,,2,2,4,7,0.269543,0.280262,7.195489,0,70,7,0,0.004234,0.000345
203,,2,3,5,6,0.361111,0.385343,595.433926,0,70,7,0.3,0.012173,0.000351
244,,11,8,19,6,0.364532,0.389501,2889.434178,0,70,0,0.28022,0.098975,0.003932
202,,3,3,6,6,0.359761,0.383299,100.974875,0,70,6,0.35,0.048822,0.00059
204,,2,2,4,6,0.308037,0.318919,18.403384,0,70,0,0,0.003357,0.000673
871,,2,3,5,6,0.35802,0.381653,149.451189,0,70,0,0.3,0.012153,0.00049
205,,1,3,4,6,0.358688,0.382346,451.870923,0,70,0,0.083333,0.000823,0.000307
206,,2,2,4,6,0.287765,0.297904,961.636064,0,70,0,0.166667,0.006771,0.000286
207,,4,5,9,6,0.381595,0.408091,348.919187,0,70,3,0.178571,0.021511,0.000612
878,,5,6,11,6,0.360705,0.385516,2892.794629,0,70,7,0.107143,0.012791,0.001486
208,,2,4,6,6,0.360976,0.385378,65.145088,0,70,3,0.333333,0.010776,0.000798
519,,14,11,25,5,0.414655,0.440991,4679.627479,0,70,4,0.228571,0.099538,0.002801
209,,5,5,10,6,0.359761,0.384078,2182.859734,0,70,6,0.15,0.046594,0.001144
277,,2,2,4,7,0.26864,0.280725,9.869394,0,70,6,0,0.003095,0.000385
396,,2,6,8,6,0.3683,0.393676,33.52702,0,70,6,0.333333,0.003095,0.000385
820,,3,3,6,6,0.281204,0.29527,52.94386,0,70,6,0.166667,0.017451,0.001432
593,,15,5,20,6,0.373157,0.399757,3275.931767,0,70,8,0.068627,0.066046,0.001696
711,,4,7,11,6,0.369007,0.394941,380.756652,0,70,3,0.263636,0.016682,0.000551
213,,21,7,28,6,0.366616,0.391944,3129.55352,0,70,2,0.156126,0.119066,0.004444
242,,4,4,8,6,0.359761,0.383091,534.535035,0,70,2,0.5,0.034365,0.001721
731,,13,13,26,6,0.367737,0.395599,1753.417312,0,70,1,0.153846,0.075708,0.003158
214,,1,3,4,6,0.359357,0.382328,262.510857,0,70,2,0.333333,0.040807,0.000359
215,,4,4,8,6,0.28546,0.30052,463.237408,0,70,3,0.366667,0.047925,0.000744
476,,3,3,6,6,0.359626,0.382588,10.23869,0,70,1,0.833333,0.050424,0.000709
217,,2,0,2,0,0,0,0,0,44,4,0,0.002639,0.000338
225,,4,4,8,5,0.313049,0.324775,164.764355,0,70,4,0.190476,0.01626,0.000514
227,,2,2,4,6,0.279083,0.291979,21.174367,0,70,2,0,0.005513,0.000513
228,,2,2,4,6,0.307054,0.318209,9.322294,0,70,2,0.166667,0.007074,0.000397
229,,2,2,4,6,0.279002,0.292065,15.463196,0,70,2,0,0.003405,0.00033
243,,2,5,7,6,0.36564,0.389986,85.632704,0,70,2,0.4,0.005606,0.000406
299,,2,3,5,6,0.358955,0.382692,375.63479,0,70,9,0.15,0.002542,0.000357
352,,7,5,12,6,0.370856,0.396985,2068.440911,0,70,3,0.142857,0.029387,0.001216
452,,2,3,5,6,0.36057,0.383524,2640.329822,0,70,9,0.15,0.002741,0.0004
672,,5,2,7,6,0.279326,0.293659,116.407055,0,70,2,0.25,0.016783,0.000629
674,,7,10,17,5,0.412876,0.438739,692.197255,0,70,3,0.356061,0.068736,0.001154
728,,2,0,2,0,0,0,0,0,26,2,0,0.003308,0.000357
730,,2,0,2,0,0,0,0,0,25,2,0,0.003308,0.000357
219,,3,2,5,6,0.308235,0.322263,3.590551,0,70,3,0.4,0.047622,0.000494
220,,5,3,8,6,0.314997,0.327859,98.429188,0,70,3,0.2,0.037629,0.001786
221,,5,7,12,6,0.363156,0.388063,713.370149,0,70,3,0.238095,0.052423,0.00116
239,,2,4,6,6,0.281946,0.296379,9.090596,0,70,2,0.083333,0.00707,0.000418
559,,5,3,8,5,0.408493,0.432328,622.840042,0,70,3,0.366667,0.061145,0.000695
223,,2,2,4,6,0.307742,0.318486,6.733947,0,70,7,0.25,0.012017,0.000251
222,,2,0,2,0,0,0,0,0,65,7,0.5,0.012421,0.00031
224,,5,4,9,5,0.364808,0.388375,161.894969,0,70,7,0.333333,0.018949,0.000818
226,,6,3,9,6,0.272676,0.283749,1045.016254,0,70,4,0.25,0.022925,0.001288
992,,6,11,17,5,0.368159,0.393884,9270.644925,0,70,9,0.128788,0.047913,0.000859
231,,4,1,5,7,0.214302,0.21977,1.45,0,70,4,0.333333,0.01002,0.000681
532,,8,4,12,6,0.314071,0.32623,1433.152064,0,70,4,0.25,0.0414,0.001937
550,,18,10,28,5,0.370999,0.397436,2558.094477,0,70,4,0.237154,0.086353,0.002671
675,,5,12,17,5,0.370999,0.398129,1316.577867,0,70,4,0.37619,0.026194,0.000623
230,,1,4,5,5,0.364532,0.388115,6.026587,0,70,4,0.4,0.001719,0.000267
232,,0,2,2,6,0.300562,0.310886,0,0,82,4,0,0,0.000165
233,,5,2,7,6,0.266852,0.276923,9.598669,0,70,4,0.238095,0.02131,0.000558
650,,7,4,11,5,0.36179,0.38465,954.734012,0,70,3,0.375,0.06813,0.001243
234,,1,3,4,5,0.361518,0.383957,967,0,70,4,0.666667,0.040807,0.000359
236,,3,3,6,7,0.278921,0.290726,1549.130182,0,70,6,0,0.003255,0.000652
238,,1,3,4,7,0.22883,0.23565,6.974336,0,70,6,0,0.000567,0.00035
628,,5,7,12,6,0.384185,0.411313,2481.997097,0,70,3,0.238095,0.030325,0.001483
237,,2,0,2,0,0,0,0,0,36,6,0,0.001576,0.00029
767,,8,7,15,6,0.367737,0.393468,676.478393,0,70,0,0.455556,0.086455,0.001632
401,,7,5,12,6,0.359089,0.383524,327.792882,0,70,3,0.194444,0.065577,0.001005
410,,7,8,15,6,0.36084,0.386556,1380.08727,0,70,3,0.174242,0.066031,0.001056
603,,7,8,15,6,0.36084,0.386556,1383.430892,0,70,3,0.174242,0.066025,0.001076
671,,2,17,19,6,0.288197,0.311227,96.141018,0,70,3,0.033088,0.005368,0.000664
727,,7,9,16,6,0.361654,0.387855,993.814536,0,70,3,0.166667,0.066037,0.001047
755,,7,5,12,6,0.359089,0.383524,331.61283,0,70,3,0.194444,0.065541,0.001017
758,,7,3,10,6,0.276119,0.288565,292.666145,0,70,3,0.25,0.065939,0.001047
762,,7,3,10,6,0.276199,0.288617,291.105744,0,70,3,0.25,0.065934,0.001069
781,,7,7,14,6,0.3603,0.385603,576.218563,0,70,3,0.2,0.066034,0.001013
932,,7,7,14,6,0.3603,0.385603,581.316203,0,70,3,0.2,0.066025,0.001091
387,,5,19,24,5,0.419172,0.447505,1717.655563,0,70,0,0.225108,0.022049,0.00053
624,,6,8,14,6,0.364256,0.389657,68.413602,0,70,0,0.466667,0.082368,0.002233
638,,6,6,12,6,0.36179,0.387457,116.429389,0,70,0,0.446429,0.062664,0.001276
866,,7,10,17,6,0.367176,0.393728,219.986401,0,70,0,0.266667,0.036974,0.002444
873,,8,4,12,6,0.366197,0.390437,35.570491,0,70,0,0.4,0.033235,0.00155
246,,3,5,8,5,0.398509,0.422644,279.820215,0,70,0,0.55,0.049584,0.000543
247,,2,2,4,6,0.287765,0.29799,3.437338,0,70,0,0.333333,0.00832,0.000291
332,,5,5,10,6,0.365224,0.390038,13.317652,0,70,0,0.738095,0.063693,0.000882
255,,3,3,6,6,0.357887,0.38148,270.494357,0,70,0,0.2,0.042823,0.000526
248,,6,5,11,5,0.399668,0.423683,191.450144,0,70,0,0.535714,0.063842,0.000879
333,,5,5,10,6,0.365085,0.389865,1.366378,0,70,0,0.785714,0.064179,0.000939
265,,18,9,27,5,0.369716,0.395322,7978.622608,0,70,7,0.15368,0.108878,0.003542
338,,5,8,13,6,0.395072,0.42396,347.810399,0,70,5,0.357143,0.041994,0.001414
394,,6,4,10,6,0.356164,0.379245,207.438806,0,70,5,0.233333,0.031311,0.001569
395,,4,4,8,6,0.311528,0.325243,32.427884,0,70,7,0.366667,0.034003,0.001395
404,,7,4,11,6,0.356033,0.379071,207.052103,0,70,5,0.261905,0.03314,0.001735
405,,4,4,8,6,0.311528,0.325243,28.68613,0,70,7,0.366667,0.034132,0.001437
412,,7,4,11,6,0.356033,0.379071,200.434457,0,70,5,0.261905,0.034031,0.001831
413,,4,4,8,6,0.311428,0.325069,27.040437,0,70,7,0.4,0.034162,0.001462
451,,8,4,12,6,0.356428,0.379383,495.996554,0,70,9,0.142857,0.03257,0.00199
458,,8,4,12,6,0.311428,0.325069,61.353192,0,70,7,0.375,0.045744,0.002164
460,,7,4,11,6,0.356033,0.379071,143.468504,0,70,5,0.285714,0.035702,0.002011
461,,6,6,12,6,0.312642,0.327252,87.138341,0,70,7,0.402778,0.044643,0.001878
521,,8,4,12,6,0.365363,0.389778,1176.232643,0,70,4,0.388889,0.083964,0.001702
537,,14,13,27,5,0.433333,0.457519,2354.687925,0,70,0,0.233918,0.066784,0.003596
578,,13,7,20,6,0.320774,0.33711,92.962897,0,70,0,0.261029,0.055492,0.002366
581,,6,2,8,6,0.293382,0.303517,331.887273,0,70,5,0.142857,0.028125,0.001852
586,,3,24,27,5,0.434901,0.462803,582.83988,0,70,0,0.217391,0.029161,0.001217
641,,5,6,11,6,0.366197,0.391389,626.108465,0,70,0,0.625,0.080105,0.001915
823,,8,5,13,6,0.315203,0.329626,177.764971,0,70,3,0.208333,0.051014,0.003055
836,,7,4,11,6,0.365085,0.389518,37.947054,0,70,0,0.52381,0.098955,0.002347
952,,10,2,12,6,0.302041,0.314432,2017.499078,0,70,5,0.090909,0.035097,0.002507
1001,,22,8,30,5,0.396701,0.42377,5107.29522,0,70,9,0.070769,0.047389,0.003459
1015,,18,4,22,6,0.311528,0.325243,543.571938,0,70,9,0.175439,0.092293,0.003137
250,,3,3,6,6,0.360976,0.385291,2053.547843,0,70,0,0.35,0.04909,0.000581
572,,2,2,4,7,0.24038,0.247634,969.428571,0,70,4,0.333333,0.00244,0.000489
251,,3,1,4,7,0.266778,0.276913,2077.91358,0,70,0,0.25,0.047943,0.000534
252,,1,6,7,6,0.363568,0.389016,2071.91358,0,70,0,0.285714,0.001962,0.00062
367,,4,10,14,5,0.414298,0.440385,3022.746963,0,70,9,0.185897,0.018928,0.000406
607,,2,3,5,6,0.360976,0.385291,4.634524,0,70,0,0.45,0.00098,0.000338
614,,2,3,5,6,0.361111,0.385378,198.573655,0,70,0,0.45,0.001586,0.000298
619,,2,3,5,6,0.360976,0.385291,6.666667,0,70,0,0.35,0.001125,0.000337
253,,2,3,5,6,0.359492,0.383091,5.753972,0,70,0,0.7,0.018047,0.000304
867,,13,9,22,6,0.366895,0.392775,2995.309492,0,70,0,0.208791,0.081766,0.003405
254,,1,1,2,6,0.357355,0.380094,0,0,70,0,0,0.040807,0.000359
256,,2,3,5,6,0.274074,0.285845,200.231573,0,70,0,0.333333,0.043318,0.000433
303,,6,12,18,5,0.372003,0.398926,2308.438838,0,70,0,0.362637,0.064693,0.001038
855,,5,9,14,5,0.370713,0.396881,1788.506464,0,70,0,0.318182,0.063754,0.000752
1023,,2,0,2,0,0,0,0,0,30,7,0,0.013416,0.000326
872,,2,2,4,6,0.29125,0.301161,1992.718179,0,70,6,0.25,0.012753,0.0007
258,,3,4,7,6,0.358955,0.382831,1928.5,0,70,0,0.3,0.013401,0.000473
420,,1,1,2,7,0.264213,0.273777,0,0,70,0,0,0.000872,0.000266
424,,2,2,4,6,0.308136,0.319006,14.944089,0,70,7,0.333333,0.012481,0.000304
260,,2,7,9,6,0.366616,0.392377,6.930107,0,70,0,0.375,0.007399,0.000274
210,,3,0,3,0,0,0,0,0,52,5,0,0.00634,0.00035
753,,11,12,23,5,0.381595,0.409425,994.037063,0,70,3,0.2875,0.04459,0.002076
817,,4,2,6,6,0.298202,0.3092,11.996248,0,70,3,0.333333,0.046711,0.000636
900,,5,2,7,6,0.297556,0.308507,153.854327,0,70,3,0.15,0.01907,0.000911
902,,14,3,17,6,0.372724,0.398839,326.857086,0,70,5,0.080882,0.017989,0.000875
905,,3,3,6,6,0.301378,0.312179,2122.450705,0,70,4,0.35,0.045112,0.000628
911,,6,8,14,5,0.400166,0.425329,3019.881052,0,70,3,0.209091,0.030311,0.001269
913,,2,3,5,6,0.35842,0.382086,277.492219,0,70,3,0.25,0.00563,0.000517
1009,,4,2,6,6,0.29811,0.309113,64.012032,0,70,3,0.083333,0.011622,0.000537
262,,6,6,12,5,0.4,0.424376,1933.568837,0,70,7,0.366667,0.02339,0.00068
1011,,3,2,5,7,0.269091,0.279448,409.89808,0,70,7,0.15,0.008778,0.000447
263,,2,4,6,6,0.358955,0.382918,136.704026,0,70,0,0.4,0.044126,0.000426
822,,4,4,8,6,0.361111,0.385897,27.970868,0,70,0,0.333333,0.013024,0.000619
480,,15,17,32,6,0.362062,0.391701,1513.355167,0,70,2,0.108225,0.092598,0.003065
856,,5,5,10,6,0.314894,0.327183,84.663743,0,70,0,0.232143,0.016423,0.000943
267,,3,0,3,0,0,0,0,0,19,0,0.166667,0.010468,0.000407
996,,3,4,7,6,0.365363,0.389865,16.269809,0,70,0,0.595238,0.012001,0.000438
268,,3,1,4,7,0.216764,0.222513,64.65325,0,70,4,0.166667,0.007845,0.000644
272,,2,2,4,6,0.276675,0.288236,974.730389,0,70,4,0,0.00353,0.000928
269,,2,4,6,6,0.365363,0.389865,59.979737,0,70,0,0.7,0.017927,0.000238
270,,4,2,6,6,0.357621,0.380787,400.924964,0,70,8,0.35,0.055377,0.00057
271,,2,3,5,6,0.301378,0.312162,4.990956,0,70,3,0.35,0.013821,0.000446
1022,,3,6,9,6,0.36057,0.385187,485.628157,0,70,3,0.357143,0.053274,0.000524
478,,18,18,36,5,0.382049,0.412179,6924.260168,0,70,4,0.202381,0.069851,0.00455
273,,0,3,3,7,0.265728,0.277128,0,0,83,0,0,0,0.000165
667,,3,0,3,0,0,0,0,0,31,0,0,0.004134,0.000343
274,,3,5,8,5,0.409362,0.433888,484.09068,0,70,3,0.35,0.048413,0.000702
925,,4,3,7,6,0.308531,0.323042,48.669305,0,70,3,0,0.011911,0.000727
275,,5,20,25,6,0.366197,0.396743,5136.365129,0,70,6,0.064935,0.020772,0.000594
276,,2,3,5,6,0.358688,0.382346,552.882109,0,70,7,0.166667,0.041934,0.000384
323,,7,0,7,0,0,0,0,0,21,3,0.190476,0.056278,0.000903
368,,2,0,2,0,0,0,0,0,24,6,0,0.003565,0.000254
369,,2,0,2,0,0,0,0,0,3,0,0,0.003562,0.000253
370,,2,0,2,0,0,0,0,0,23,6,0,0.002411,0.000232
371,,2,0,2,0,0,0,0,0,22,6,0,0.002409,0.000232
393,,4,2,6,7,0.267594,0.277958,10.006148,0,70,6,0,0.004214,0.000539
449,,2,3,5,6,0.358688,0.382346,9.565909,0,70,6,0.2,0.001581,0.000244
832,,4,3,7,6,0.369574,0.39508,359.830722,0,70,6,0.357143,0.045552,0.000472
904,,5,7,12,5,0.369574,0.394664,1065.488393,0,70,2,0.336364,0.022922,0.000579
403,,5,2,7,6,0.288369,0.299012,28.13971,0,70,8,0.15,0.019829,0.001867
631,,3,2,5,6,0.287164,0.297315,5.025794,0,70,7,0.333333,0.024091,0.00165
279,,4,3,7,6,0.358153,0.381826,310.456856,0,70,7,0.466667,0.056535,0.000703
282,,4,3,7,6,0.360705,0.385118,675.923244,0,70,7,0.309524,0.015607,0.000668
280,,5,5,10,6,0.359089,0.383645,2803.502619,0,70,7,0.277778,0.056067,0.001149
283,,3,2,5,7,0.268865,0.279569,5.37193,0,70,7,0.3,0.014716,0.000466
653,,5,6,11,6,0.366476,0.391771,640.805213,0,70,7,0.381818,0.022182,0.00069
281,,4,7,11,6,0.359492,0.384945,3412.464408,0,70,7,0.2,0.043418,0.00091
284,,2,4,6,6,0.271675,0.283593,6.491374,0,70,7,0.266667,0.013471,0.000314
654,,4,6,10,6,0.366476,0.391857,388.741272,0,70,7,0.444444,0.020638,0.000415
285,,2,4,6,6,0.296,0.30939,124.703755,0,70,4,0.066667,0.001854,0.000244
837,,2,1,3,7,0.270301,0.280556,978.304057,0,70,4,0,0.001694,0.000346
286,,0,2,2,6,0.360269,0.384199,0,0,84,0,1,0,0.000165
287,,0,3,3,5,0.398263,0.421686,0,0,85,0,1,0,0.000165
295,,0,3,3,6,0.357993,0.381603,0,0,86,5,0.166667,0,0.000165
784,,5,2,7,6,0.30863,0.319629,20.438172,0,70,5,0.095238,0.010277,0.000661
296,,4,3,7,6,0.36084,0.385291,63.399869,0,70,0,0.571429,0.020396,0.00034
785,,2,5,7,6,0.358821,0.383385,32.721013,0,70,5,0.095238,0.007404,0.000295
297,,1,3,4,6,0.309126,0.320582,9.509327,0,70,7,0.166667,0.000895,0.000376
647,,3,2,5,6,0.308136,0.318919,6.205504,0,70,7,0.35,0.014089,0.000371
298,,4,4,8,6,0.365224,0.389692,971.508452,0,70,0,0.733333,0.059225,0.000488
870,,1,4,5,6,0.36084,0.385638,1.166667,0,70,0,0.416667,0.002322,0.000269
534,,2,3,5,6,0.359223,0.382866,953.607666,0,70,9,0.35,0.002408,0.000305
300,,0,2,2,6,0.293508,0.303756,0,0,87,4,0,0,0.000165
621,,2,0,2,0,0,0,0,0,64,4,0,0.012017,0.000274
301,,5,2,7,6,0.357754,0.38096,2.300649,0,70,2,0.4,0.051122,0.000701
302,,5,8,13,6,0.367316,0.393676,249.132579,0,70,2,0.418182,0.063514,0.000791
479,,19,15,34,5,0.375341,0.403777,5863.882751,0,70,2,0.11413,0.075019,0.002816
485,,13,7,20,5,0.412698,0.437786,1701.858417,0,70,2,0.301471,0.084033,0.001235
500,,15,5,20,6,0.32533,0.342082,152.777544,0,70,2,0.105263,0.031033,0.001014
874,,8,6,14,6,0.371572,0.397713,581.621596,0,70,2,0.237179,0.017413,0.000912
304,,5,2,7,6,0.272908,0.284459,9.39066,0,70,8,0.15,0.015498,0.000674
305,,3,0,3,0,0,0,0,0,29,0,0.166667,0.009236,0.00032
908,,2,3,5,6,0.30119,0.311816,5.089933,0,70,3,0.05,0.003901,0.000374
306,,2,2,4,6,0.357887,0.381046,188.663454,0,70,4,0.083333,0.002431,0.000296
307,,0,2,2,6,0.300562,0.310886,0,0,88,4,0,0,0.000165
308,,6,8,14,6,0.368159,0.393919,324.666092,0,70,0,0.6,0.070949,0.001139
309,,3,0,3,0,0,0,0,0,58,0,0.166667,0.009412,0.000367
310,,4,3,7,6,0.364947,0.388999,85.517601,0,70,0,0.666667,0.021245,0.000396
311,,0,3,3,6,0.369107,0.394704,0,0,89,5,0.166667,0,0.000165
584,,6,2,8,6,0.30347,0.315852,2016.397119,0,70,5,0,0.012572,0.00162
314,,3,0,3,0,0,0,0,0,57,8,0.166667,0.010045,0.000313
331,,4,2,6,6,0.369148,0.394335,156.334895,0,70,8,0.166667,0.020363,0.000772
626,,5,3,8,6,0.370713,0.396587,596.988206,0,70,8,0.214286,0.012142,0.000614
618,,3,7,10,6,0.366476,0.391788,1076.07206,0,70,3,0.309524,0.048918,0.000573
109,,2,0,2,0,0,0,0,0,38,0,0.5,0.008302,0.0003
179,,4,0,4,0,0,0,0,0,39,0,0.166667,0.012062,0.000347
328,,2,7,9,5,0.413053,0.438132,177.694361,0,70,5,0.410714,0.017927,0.000238
330,,1,2,3,6,0.35802,0.381306,0,0,70,0,0.833333,0.006318,0.000199
334,,10,7,17,5,0.399834,0.42455,2252.848931,0,70,0,0.354545,0.100301,0.003166
335,,3,3,6,6,0.364808,0.388825,0,0,70,0,1,0.058734,0.000431
348,,3,5,8,6,0.366895,0.391944,11.41397,0,70,0,0.732143,0.020837,0.000349
349,,4,3,7,6,0.364808,0.388825,0,0,70,0,0.833333,0.059708,0.000472
366,,3,3,6,6,0.364808,0.388825,0,0,70,0,1,0.058734,0.000431
372,,5,8,13,6,0.367316,0.393676,249.132579,0,70,2,0.418182,0.063514,0.000791
375,,7,7,14,6,0.366197,0.391857,2399.855045,0,70,2,0.486111,0.065478,0.001312
376,,7,5,12,6,0.369432,0.395894,3587.979667,0,70,2,0.238095,0.029576,0.001985
377,,4,5,9,6,0.36564,0.390471,157.297154,0,70,2,0.642857,0.06129,0.000591
378,,4,1,5,7,0.269846,0.280279,0.933333,0,70,2,0.333333,0.016769,0.00082
379,,5,5,10,6,0.36564,0.390471,654.65647,0,70,2,0.642857,0.062249,0.000966
380,,4,2,6,6,0.292757,0.30272,5.083333,0,70,2,0.333333,0.016818,0.000883
381,,5,19,24,5,0.435688,0.461764,1473.949104,0,70,0,0.164286,0.021762,0.000461
382,,3,5,8,5,0.412168,0.436573,0,0,70,0,0.866667,0.058734,0.000431
383,,5,3,8,6,0.364808,0.388825,1.010761,0,70,0,0.738095,0.062881,0.000522
386,,2,6,8,5,0.368724,0.392983,2.088267,0,70,0,0.660714,0.017927,0.000238
389,,3,0,3,0,0,0,0,0,37,0,0.166667,0.007879,0.00027
397,,3,7,10,5,0.398179,0.42299,147.144679,0,70,0,0.321429,0.009729,0.000616
406,,4,7,11,5,0.397849,0.422644,144.582575,0,70,0,0.347222,0.010947,0.000672
415,,4,7,11,5,0.398179,0.422904,148.215077,0,70,0,0.347222,0.011163,0.000715
419,,7,2,9,6,0.301001,0.313254,52.215821,0,70,6,0.119048,0.024884,0.001335
438,,3,6,9,5,0.404202,0.428794,74.548881,0,70,0,0.6,0.050073,0.000853
440,,3,5,8,6,0.364808,0.38931,538.384531,0,70,0,0.380952,0.048884,0.000596
450,,3,4,7,6,0.359626,0.383559,195.588758,0,70,3,0.214286,0.01567,0.001143
459,,2,6,8,5,0.397849,0.422211,82.084037,0,70,9,0.4,0.007865,0.000622
463,,7,5,12,5,0.397356,0.421431,265.469282,0,70,0,0.402778,0.063789,0.001058
465,,5,13,18,5,0.41627,0.442862,839.949579,0,70,0,0.279412,0.056627,0.000968
475,,2,7,9,5,0.413586,0.438392,40.159027,0,70,0,0.428571,0.017927,0.000238
482,,4,2,6,6,0.296822,0.307017,41.332465,0,70,8,0,0.009017,0.000567
484,,5,4,9,6,0.313866,0.326386,33.01144,0,70,4,0.333333,0.013957,0.000912
486,,8,11,19,6,0.367878,0.395409,38.231215,0,70,2,0.383333,0.070234,0.000798
488,,3,5,8,6,0.365363,0.390211,122.757828,0,70,0,0.642857,0.058734,0.000431
489,,5,8,13,6,0.367316,0.393676,249.132579,0,70,2,0.418182,0.063514,0.000791
491,,5,8,13,6,0.367316,0.393676,249.132579,0,70,2,0.418182,0.063514,0.000791
493,,5,10,15,6,0.367878,0.395062,372.618979,0,70,2,0.363636,0.063663,0.000755
494,,5,8,13,6,0.367316,0.393676,249.132579,0,70,2,0.418182,0.063514,0.000791
497,,5,2,7,6,0.301001,0.313167,17.013675,0,70,0,0.266667,0.011447,0.000381
503,,4,4,8,6,0.36564,0.390125,65.783771,0,70,0,0.589286,0.02018,0.000351
508,,4,2,6,6,0.295092,0.305631,4.44265,0,70,0,0.166667,0.014282,0.000617
514,,2,5,7,6,0.367456,0.392723,0,0,70,0,0.785714,0.017927,0.000238
517,,2,5,7,6,0.367596,0.392897,12.723281,0,70,0,0.666667,0.017927,0.000238
518,,2,5,7,6,0.36929,0.394889,5.785561,0,70,0,0.738095,0.017927,0.000238
522,,5,5,10,6,0.358955,0.381757,796.613756,0,70,4,0.4,0.023575,0.000846
533,,6,8,14,5,0.400666,0.425762,280.150821,0,70,0,0.571429,0.059024,0.0013
542,,2,3,5,6,0.362472,0.38588,0.25,0,70,0,0.55,0.007654,0.000242
548,,3,3,6,6,0.300907,0.311538,9.636507,0,70,0,0.2,0.013719,0.000381
555,,4,21,25,5,0.379039,0.409494,5321.15319,0,70,0,0.245059,0.030393,0.000952
556,,3,0,3,0,0,0,0,0,56,0,0.166667,0.008096,0.000285
558,,2,3,5,6,0.314894,0.327772,8.880827,0,70,3,0.3,0.011258,0.00031
560,,3,4,7,6,0.366197,0.390904,11.405175,0,70,0,0.642857,0.012412,0.000334
563,,3,3,6,6,0.278035,0.291961,56.757505,0,70,0,0.1,0.013206,0.000469
567,,6,3,9,6,0.364808,0.388825,26.859056,0,70,3,0.607143,0.072635,0.000982
574,,3,0,3,0,0,0,0,0,48,1,0,0.011158,0.000413
575,,2,2,4,6,0.308037,0.318798,21.779183,0,70,0,0.166667,0.006771,0.000304
585,,11,15,26,5,0.418625,0.446188,7456.684079,0,70,5,0.192982,0.074895,0.001966
587,,3,2,5,6,0.297097,0.307519,8.051681,0,70,2,0.333333,0.010402,0.000381
601,,4,4,8,6,0.362745,0.386105,417.87943,0,70,0,0.3,0.05523,0.000697
606,,3,3,6,6,0.364808,0.388825,0,0,70,0,1,0.058734,0.000431
608,,5,6,11,6,0.366058,0.391216,343.816224,0,70,0,0.522222,0.065989,0.000638
611,,3,0,3,0,0,0,0,0,55,0,0.166667,0.009271,0.000336
633,,3,0,3,0,0,0,0,0,51,0,0.166667,0.009216,0.000329
635,,10,8,18,6,0.36467,0.390385,604.905614,0,70,0,0.304762,0.077536,0.001769
640,,2,7,9,5,0.413053,0.438132,143.553147,0,70,0,0.410714,0.017927,0.000238
642,,3,3,6,6,0.364808,0.388825,0,0,70,0,1,0.058734,0.000431
644,,4,6,10,6,0.366197,0.391511,351.023475,0,70,0,0.3,0.018924,0.000381
660,,3,0,3,0,0,0,0,0,45,0,0.166667,0.009242,0.000353
662,,4,9,13,5,0.413586,0.439258,2141.389671,0,70,0,0.242424,0.021051,0.000477
663,,4,3,7,6,0.364947,0.388999,738.290104,0,70,0,0.547619,0.021051,0.000478
664,,2,3,5,6,0.35842,0.382086,868.109725,0,70,0,0.25,0.00681,0.000285
669,,3,0,3,0,0,0,0,0,8,0,0.166667,0.009181,0.000328
679,,7,7,14,6,0.366058,0.391771,135.746314,0,70,4,0.6,0.046405,0.001747
680,,3,6,9,6,0.366337,0.391684,2.826623,0,70,4,0.714286,0.019756,0.000438
681,,6,6,12,6,0.365919,0.391164,52.753159,0,70,4,0.652778,0.043639,0.001418
684,,8,4,12,6,0.312947,0.324965,342.237693,0,70,7,0.357143,0.046623,0.001843
690,,2,3,5,6,0.364947,0.388999,0,0,70,0,1,0.017927,0.000238
693,,4,6,10,5,0.412521,0.437266,71.61179,0,70,0,0.553571,0.022452,0.000664
694,,4,6,10,5,0.412521,0.437266,71.61179,0,70,0,0.553571,0.022452,0.000664
695,,3,3,6,6,0.358554,0.382259,296.237201,0,70,6,0.2,0.008495,0.000385
696,,3,3,6,6,0.364808,0.388825,0,0,70,0,1,0.058734,0.000431
707,,2,3,5,6,0.364947,0.388999,0,0,70,0,1,0.017927,0.000238
710,,2,7,9,5,0.412876,0.437959,45.438951,0,70,0,0.410714,0.017927,0.000238
739,,3,3,6,6,0.364808,0.388825,0,0,70,0,1,0.058734,0.000431
740,,9,5,14,6,0.358688,0.383004,1498.142905,0,70,0,0.288889,0.076642,0.002709
764,,4,4,8,6,0.362745,0.386105,452.190342,0,70,0,0.3,0.055139,0.000691
786,,5,6,11,6,0.363843,0.388652,55.402675,0,70,3,0.322222,0.01646,0.000477
803,,4,4,8,6,0.366476,0.391078,21.783291,0,70,0,0.607143,0.024083,0.000429
804,,4,4,8,6,0.366476,0.391078,21.783291,0,70,0,0.607143,0.024083,0.000428
805,,4,4,8,6,0.366476,0.391078,21.783291,0,70,0,0.607143,0.024083,0.000429
806,,4,4,8,6,0.366616,0.391251,22.651472,0,70,0,0.607143,0.024083,0.000429
807,,4,4,8,6,0.366895,0.391511,25.461873,0,70,0,0.607143,0.024083,0.000429
808,,4,4,8,6,0.366476,0.391078,21.639745,0,70,0,0.607143,0.024083,0.000432
809,,4,4,8,6,0.366895,0.391511,25.285077,0,70,0,0.607143,0.024083,0.000433
810,,3,0,3,0,0,0,0,0,10,8,0.166667,0.014058,0.000505
812,,4,5,9,6,0.365779,0.390523,33.21791,0,70,6,0.527778,0.021749,0.00062
813,,3,0,3,0,0,0,0,0,43,0,0,0.008681,0.000351
814,,2,3,5,6,0.360976,0.385291,715.971031,0,70,0,0.5,0.006801,0.000295
815,,2,2,4,6,0.30863,0.319872,4.085576,0,70,1,0.333333,0.008302,0.000269
816,,2,3,5,6,0.358554,0.382259,871.599635,0,70,0,0.2,0.006804,0.000295
825,,4,2,6,6,0.353807,0.375606,164.841619,0,70,3,0.5,0.03215,0.001764
828,,4,2,6,6,0.30443,0.313825,2.959524,0,70,0,0.5,0.021244,0.000541
833,,8,6,14,5,0.398674,0.42299,84.29679,0,70,0,0.555556,0.078031,0.002532
839,,2,3,5,6,0.358554,0.382051,39.392208,0,70,0,0.5,0.007507,0.000328
842,,2,5,7,6,0.365919,0.390904,0.194444,0,70,0,0.785714,0.017927,0.000238
844,,3,0,3,0,0,0,0,0,18,0,0.166667,0.009387,0.000326
845,,5,17,22,6,0.366476,0.39553,2892.85518,0,70,0,0.196078,0.022941,0.002568
859,,7,4,11,6,0.314482,0.326871,118.729171,0,70,7,0.333333,0.029024,0.000682
865,,2,2,4,6,0.30863,0.320045,3.865751,0,70,0,0.5,0.007943,0.000407
876,,4,2,6,6,0.296822,0.307017,41.332465,0,70,8,0,0.009017,0.000567
879,,4,1,5,7,0.218786,0.225351,965.717262,0,70,0,0.166667,0.009833,0.001276
885,,3,2,5,6,0.278518,0.291753,988.059444,0,70,4,0.083333,0.013433,0.000475
889,,3,3,6,6,0.362472,0.385793,770.798778,0,70,0,0.433333,0.018335,0.000284
890,,3,5,8,5,0.399668,0.423857,38.609233,0,70,0,0.5,0.050597,0.000513
893,,3,0,3,0,0,0,0,0,54,1,0,0.010198,0.000366
894,,3,3,6,6,0.362472,0.385793,560.703597,0,70,0,0.266667,0.010198,0.000366
903,,4,6,10,6,0.366197,0.391389,16.011308,0,70,0,0.533333,0.022226,0.000419
906,,6,5,11,6,0.362745,0.386538,639.807292,0,70,2,0.266667,0.059355,0.001061
918,,2,7,9,5,0.412876,0.437959,36.030861,0,70,0,0.446429,0.017927,0.000238
924,,4,2,6,6,0.295818,0.30648,15.139803,0,70,4,0.166667,0.011285,0.000682
927,,2,7,9,6,0.367596,0.393261,122.061073,0,70,5,0.486111,0.017927,0.000238
934,,4,4,8,6,0.362608,0.386019,417.698017,0,70,0,0.3,0.05523,0.000709
938,,2,4,6,6,0.365224,0.389692,0,0,70,0,0.8,0.017927,0.000238
940,,4,5,9,6,0.363705,0.387838,503.606569,0,70,4,0.309524,0.011119,0.000773
941,,6,13,19,5,0.37057,0.397626,1807.039027,0,70,1,0.286765,0.062751,0.000822
943,,3,0,3,0,0,0,0,0,17,1,0.166667,0.009189,0.0003
978,,3,0,3,0,0,0,0,0,0,8,0,0.009625,0.000465
979,,2,5,7,6,0.36564,0.390471,989.878225,0,70,0,0.5,0.017927,0.000238
982,,2,3,5,6,0.364947,0.388999,0,0,70,0,1,0.017927,0.000238
986,,3,0,3,0,0,0,0,0,7,0,0,0.009058,0.000307
997,,3,4,7,6,0.365502,0.389951,3.278187,0,70,0,0.547619,0.007688,0.000339
1014,,3,2,5,6,0.270529,0.281116,2.694248,0,70,7,0.2,0.009352,0.000336
1025,,2,14,16,5,0.439269,0.462179,212.221455,0,70,0,0.395604,0.008604,0.000567
1027,,3,0,3,0,0,0,0,0,6,0,0.166667,0.009338,0.000327
1033,,7,5,12,6,0.279977,0.294006,2081.246012,0,70,4,0.142857,0.014898,0.002193
1035,,4,4,8,6,0.365224,0.389692,971.268917,0,70,0,0.733333,0.059225,0.000488
1038,,3,3,6,6,0.364808,0.388825,0,0,70,0,1,0.058734,0.000431
318,,2,2,4,7,0.269997,0.280972,48.930969,0,70,2,0,0.001944,0.000782
535,,2,2,4,7,0.268265,0.278824,133.624228,0,70,2,0,0.003065,0.000657
319,,0,4,4,6,0.358927,0.382866,0,0,90,3,0.583333,0,0.000165
320,,1,2,3,7,0.24038,0.247634,0,0,70,4,0.5,0.000519,0.000373
512,,10,11,21,6,0.315928,0.331722,3115.319728,0,70,4,0.175824,0.045328,0.002431
321,,3,3,6,6,0.35842,0.382086,3.253737,0,70,5,0.3,0.005032,0.000251
325,,4,3,7,6,0.359492,0.382502,195.292072,0,70,2,0.366667,0.059463,0.000569
324,,0,4,4,6,0.378985,0.405746,0,0,91,3,0.333333,0,0.000165
327,,4,3,7,6,0.277874,0.290714,13.750857,0,70,3,0.214286,0.053893,0.000658
329,,2,2,4,6,0.357887,0.381133,0,0,70,1,1,0.043736,0.000566
423,,2,5,7,6,0.35842,0.382866,186.220465,0,70,8,0.3,0.041879,0.000687
353,,2,6,8,6,0.359223,0.384044,7.477786,0,70,0,0.233333,0.006877,0.000748
336,,4,3,7,6,0.277874,0.290714,15.379724,0,70,3,0.214286,0.053893,0.000686
337,,1,4,5,6,0.281698,0.295288,8.600109,0,70,3,0,0.000519,0.000245
339,,3,5,8,6,0.359492,0.384078,534.532915,0,70,0,0.133333,0.043224,0.000441
846,,2,2,4,7,0.271675,0.283086,4.542435,0,70,1,0,0.005305,0.00036
340,,3,5,8,6,0.359626,0.384165,534.286673,0,70,0,0.133333,0.043229,0.000444
850,,2,2,4,7,0.272676,0.284437,7.083373,0,70,1,0,0.005305,0.000361
341,,3,5,8,6,0.359492,0.384078,534.824327,0,70,0,0.133333,0.043224,0.000442
849,,2,2,4,7,0.271828,0.283346,5.720213,0,70,1,0,0.005305,0.00036
342,,3,5,8,6,0.359626,0.384165,535.691489,0,70,0,0.133333,0.043228,0.000466
852,,2,2,4,7,0.272676,0.284437,7.083373,0,70,0,0,0.005305,0.000365
343,,3,5,8,6,0.359492,0.384078,535.944267,0,70,0,0.133333,0.043224,0.000462
851,,2,2,4,7,0.271675,0.283086,4.542435,0,70,1,0,0.005305,0.000364
344,,3,5,8,6,0.359492,0.384078,534.539451,0,70,0,0.133333,0.043224,0.000443
848,,2,2,4,7,0.271675,0.283086,4.542435,0,70,1,0,0.005305,0.000361
345,,3,5,8,6,0.359492,0.384078,534.542094,0,70,0,0.133333,0.043224,0.000439
847,,2,2,4,7,0.271675,0.283086,4.542435,0,70,1,0,0.005305,0.00036
346,,4,3,7,6,0.358287,0.381913,12.403842,0,70,3,0.45,0.051161,0.000616
347,,4,3,7,6,0.358287,0.381913,189.422445,0,70,3,0.35,0.04985,0.000585
627,,1,5,6,6,0.305397,0.317134,7.142857,0,70,4,0.05,0.000484,0.000205
829,,1,5,6,6,0.377551,0.40466,78.588286,0,70,3,0.1,0.000484,0.000205
351,,0,2,2,6,0.308259,0.322274,0,0,92,3,0,0,0.000165
354,,2,5,7,6,0.359626,0.384165,443.453328,0,70,0,0.166667,0.001971,0.00034
648,,2,3,5,6,0.358554,0.382259,2.2,0,70,0,0.3,0.001152,0.000304
649,,2,3,5,6,0.358688,0.382432,13.155952,0,70,9,0.15,0.001152,0.000307
355,,1,1,2,6,0.357355,0.380094,0,0,70,0,0,0.040807,0.000359
356,,1,3,4,6,0.359492,0.383385,1.92702,0,70,0,0.333333,0.001285,0.000216
357,,1,3,4,6,0.359492,0.383385,1.92702,0,70,0,0.333333,0.001285,0.000216
358,,1,3,4,6,0.359492,0.383385,1.92702,0,70,0,0.333333,0.001284,0.000215
359,,1,3,4,6,0.359626,0.383559,1.864379,0,70,0,0.333333,0.001286,0.000209
360,,1,3,4,6,0.359895,0.383818,1.843687,0,70,0,0.333333,0.001284,0.000207
361,,1,3,4,6,0.359492,0.383385,1.92702,0,70,0,0.333333,0.001282,0.000215
362,,1,3,4,6,0.359895,0.383818,1.843687,0,70,0,0.333333,0.001282,0.000206
391,,4,3,7,6,0.35842,0.38167,87.828248,0,70,7,0.533333,0.057383,0.000879
597,,2,10,12,5,0.417173,0.442983,966.238478,0,70,0,0.466667,0.020423,0.001093
235,,2,0,2,0,0,0,0,0,14,9,0,0.001865,0.000365
469,,2,0,2,0,0,0,0,0,13,9,0,0.001534,0.000289
595,,3,0,3,0,0,0,0,0,12,9,0.333333,0.043303,0.000488
748,,2,0,2,0,0,0,0,0,11,9,0,0.001535,0.000283
999,,13,3,16,5,0.363843,0.386816,649.184313,0,70,9,0.116667,0.008439,0.001088
1000,,4,5,9,6,0.305494,0.315523,2587.176319,0,70,9,0.152778,0.014427,0.000712
373,,5,2,7,6,0.357754,0.38096,2.300649,0,70,2,0.4,0.051122,0.000701
374,,2,5,7,6,0.370142,0.396674,811.180479,0,70,6,0.285714,0.041261,0.000412
384,,0,4,4,5,0.361894,0.384683,0,0,93,4,0.166667,0,0.000165
928,,3,0,3,0,0,0,0,0,16,4,0,0.00179,0.000288
385,,1,3,4,6,0.359357,0.382675,0,0,70,0,0.666667,0.040807,0.000359
594,,6,4,10,6,0.361111,0.384754,423.230897,0,70,0,0.303571,0.06159,0.000771
388,,2,3,5,6,0.305882,0.316788,8.577176,0,70,6,0.1,0.001697,0.000294
598,,3,4,7,6,0.36057,0.384477,604.056346,0,70,6,0.261905,0.012948,0.000585
1020,,6,6,12,6,0.36343,0.387924,43.666748,0,70,7,0.446429,0.081063,0.002011
198,,2,0,2,0,0,0,0,0,20,6,0,0.012224,0.000433
431,,3,5,8,6,0.363019,0.387058,396.378446,0,70,7,0.380952,0.053158,0.000472
398,,1,3,4,6,0.370856,0.39676,210.56431,0,70,7,0.166667,0.000895,0.000376
400,,3,5,8,6,0.358955,0.383351,19.320758,0,70,2,0.366667,0.016538,0.000567
407,,3,3,6,6,0.358821,0.382103,95.406558,0,70,7,0.5,0.05394,0.000703
645,,2,2,4,6,0.297556,0.308299,9.242857,0,70,3,0.25,0.003624,0.000332
588,,4,8,12,6,0.364532,0.389501,79.359163,0,70,0,0.410714,0.06706,0.001804
416,,3,3,6,6,0.306956,0.318815,30.108586,0,70,8,0.2,0.01231,0.000573
864,,2,3,5,6,0.290634,0.301888,10.880666,0,70,8,0.1,0.002277,0.000521
613,,2,3,5,6,0.358821,0.382606,4.875388,0,70,8,0.35,0.004235,0.000547
421,,1,3,4,6,0.306662,0.31684,59.489509,0,70,4,0,0.000848,0.000367
422,,2,2,4,7,0.264868,0.275302,1034.409875,0,70,7,0.083333,0.012434,0.000333
536,,4,3,7,6,0.358287,0.381913,512.232152,0,70,7,0.238095,0.005855,0.000393
768,,6,3,9,6,0.358153,0.381618,1024.385816,0,70,8,0.266667,0.059594,0.002485
612,,2,3,5,6,0.359223,0.382796,4.660317,0,70,8,0.4,0.004236,0.000551
427,,1,2,3,6,0.368865,0.394075,1518.169233,0,70,6,0.166667,0.000836,0.000463
616,,1,0,1,0,0,0,0,0,67,6,0,0.000454,0.000362
429,,2,2,4,6,0.307742,0.318486,0.5,0,70,7,0.416667,0.013741,0.000284
428,,2,0,2,0,0,0,0,0,27,7,0.5,0.013741,0.000284
433,,0,3,3,6,0.358126,0.381776,0,0,94,0,0,0,0.000165
732,,4,4,8,6,0.313355,0.3272,77.120356,0,70,0,0.357143,0.016007,0.000856
435,,4,3,7,6,0.288802,0.299567,484.61978,0,70,9,0.333333,0.05031,0.00069
580,,2,2,4,6,0.288629,0.298874,1,0,70,9,0.5,0.004123,0.000471
639,,4,6,10,6,0.290371,0.302824,4109.659334,0,70,9,0.222222,0.05031,0.000776
437,,0,4,4,6,0.370955,0.396954,0,0,95,8,0,0,0.000165
709,,8,12,20,5,0.374319,0.401733,1115.402083,0,70,8,0.169935,0.05239,0.001076
439,,0,3,3,6,0.30075,0.311215,0,0,96,8,0,0,0.000165
110,,3,0,3,0,0,0,0,0,63,8,0.166667,0.01388,0.000269
442,,0,3,3,6,0.292084,0.302752,0,0,97,8,0,0,0.000165
441,,3,0,3,0,0,0,0,0,59,8,0,0.00465,0.000348
443,,0,3,3,7,0.233738,0.241213,0,0,98,5,0,0,0.000165
444,,3,0,3,0,0,0,0,0,50,5,0,0.00384,0.00045
445,,3,2,5,7,0.232479,0.239367,971.609524,0,70,5,0,0.001338,0.000385
446,,2,3,5,8,0.188813,0.193915,972,0,70,5,0,0.002489,0.000445
448,,3,0,3,0,0,0,0,0,49,5,0,0.00384,0.00045
447,,0,3,3,7,0.233738,0.241213,0,0,99,5,0,0,0.000165
886,,2,2,4,6,0.357754,0.38096,73.231746,0,70,6,0.25,0.006937,0.000335
1018,,2,5,7,6,0.360705,0.384304,2911.992452,0,70,9,0.261905,0.001034,0.000382
453,,2,3,5,6,0.363156,0.385828,603.754063,0,70,9,0.3,0.00542,0.0004
454,,1,3,4,6,0.300062,0.311261,983.49505,0,70,9,0,0.001838,0.000435
455,,1,2,3,6,0.277633,0.291008,17.888075,0,70,9,0,0.000479,0.000289
457,,3,3,6,6,0.35842,0.382173,1308.095879,0,70,9,0.15,0.047083,0.00055
456,,3,2,5,6,0.369574,0.394647,2269.790812,0,70,9,0.2,0.043444,0.000635
629,,2,3,5,6,0.358688,0.382519,12.659345,0,70,9,0.25,0.002426,0.000408
464,,0,3,3,6,0.36108,0.385497,0,0,100,0,0.666667,0,0.000165
881,,4,5,9,6,0.279326,0.293191,990.596915,0,70,4,0.2,0.009282,0.001209
467,,1,3,4,6,0.359895,0.382779,0,0,70,9,0.5,0.000485,0.00023
468,,2,3,5,6,0.359492,0.382606,2,0,70,9,0.45,0.000932,0.000296
470,,2,3,5,6,0.358955,0.382259,6.566261,0,70,9,0.3,0.000968,0.000314
471,,2,2,4,6,0.369007,0.394248,1304.34311,0,70,6,0.083333,0.001826,0.000314
634,,1,2,3,6,0.298665,0.30965,6.691667,0,70,6,0,0.000504,0.000299
474,,3,3,6,6,0.360165,0.382779,6.815027,0,70,0,0.5,0.054461,0.000636
477,,2,3,5,6,0.361247,0.385551,3.527966,0,70,4,0.25,0.003056,0.000335
506,,4,6,10,5,0.366337,0.3908,476.899189,0,70,4,0.375,0.018344,0.000772
706,,5,3,8,6,0.359895,0.383645,273.126272,0,70,4,0.2,0.052847,0.000842
883,,5,3,8,6,0.359895,0.383645,273.126272,0,70,4,0.2,0.052847,0.000842
490,,5,2,7,6,0.357754,0.38096,2.300649,0,70,2,0.4,0.051122,0.000701
492,,5,2,7,6,0.357754,0.38096,2.300649,0,70,2,0.4,0.051122,0.000701
495,,5,2,7,6,0.357754,0.38096,2.300649,0,70,2,0.4,0.051122,0.000701
481,,7,1,8,7,0.264649,0.274505,17.556429,0,70,8,0.095238,0.019599,0.000585
617,,5,5,10,6,0.359761,0.384511,1412.152725,0,70,5,0.25,0.052319,0.001184
483,,1,4,5,6,0.361111,0.385897,6.797161,0,70,8,0.333333,0.001756,0.00035
510,,2,2,4,6,0.357754,0.38096,967,0,70,8,0.5,0.041284,0.000433
896,,2,0,2,0,0,0,0,0,1,6,0,0.003834,0.000458
487,,1,5,6,6,0.365919,0.39061,155.203966,0,70,0,0.5,0.040807,0.000359
498,,3,6,9,6,0.37057,0.39754,1394.053443,0,70,0,0.232143,0.047473,0.000589
501,,4,16,20,5,0.412168,0.440211,1448.408961,0,70,2,0.133987,0.054986,0.000737
590,,4,4,8,6,0.358153,0.382173,166.837306,0,70,8,0.428571,0.056,0.000654
505,,2,4,6,6,0.289846,0.301178,10.53557,0,70,9,0.2,0.002624,0.000476
604,,3,0,3,0,0,0,0,0,9,6,0.166667,0.013257,0.00041
761,,2,4,6,6,0.307152,0.317845,1025.351024,0,70,9,0.133333,0.002586,0.000376
507,,2,4,6,6,0.36057,0.385291,134.285637,0,70,0,0.333333,0.042595,0.000563
853,,2,2,4,6,0.357621,0.380787,0,0,70,0,1,0.042595,0.000479
509,,4,4,8,6,0.366337,0.39087,36.745875,0,70,7,0.5,0.051476,0.000868
553,,4,2,6,6,0.357488,0.380613,158.590867,0,70,7,0.416667,0.055334,0.000689
686,,3,5,8,5,0.409188,0.433714,86.319601,0,70,7,0.45,0.049669,0.000681
831,,3,2,5,6,0.357887,0.381133,65.987064,0,70,6,0.35,0.006495,0.000546
677,,3,3,6,6,0.273218,0.284945,0.56396,0,70,4,0.5,0.005181,0.000612
1003,,4,14,18,6,0.364808,0.393261,11718.999366,0,70,9,0.12381,0.044007,0.000641
568,,14,13,27,6,0.374028,0.403396,3679.408571,0,70,0,0.1875,0.075674,0.001416
637,,5,1,6,7,0.26894,0.2795,16.718026,0,70,1,0.05,0.016329,0.000591
955,,4,4,8,6,0.309126,0.321344,30.116143,0,70,4,0.3,0.008443,0.000574
520,,2,3,5,6,0.358688,0.382519,2,0,70,9,0.45,0.002397,0.000295
545,,2,3,5,6,0.359089,0.382779,2.242857,0,70,9,0.4,0.002397,0.000288
1004,,2,5,7,6,0.36084,0.385378,1036.551963,0,70,9,0.25,0.003073,0.000348
523,,0,1,1,7,0.267798,0.277582,0,0,101,4,0,0,0.000165
524,,1,3,4,5,0.408493,0.432328,483,0,70,7,0.333333,0.040807,0.000359
525,,1,3,4,5,0.408666,0.432502,967,0,70,4,0.5,0.040807,0.000359
526,,1,3,4,6,0.358287,0.381913,165.799456,0,70,3,0.166667,0.040807,0.000359
527,,0,2,2,6,0.300656,0.310973,0,0,102,4,0,0,0.000165
528,,5,3,8,6,0.35842,0.382086,522.54627,0,70,4,0.15,0.050712,0.000706
923,,2,5,7,6,0.369716,0.395288,53.80851,0,70,4,0.35,0.008534,0.000466
529,,2,2,4,6,0.357621,0.380787,266.394526,0,70,3,0,0.041641,0.000565
530,,0,2,2,6,0.301314,0.311717,0,0,103,4,0,0,0.000165
531,,1,4,5,6,0.362745,0.386192,92.502135,0,70,4,0.166667,0.001815,0.000577
543,,2,3,5,6,0.359761,0.383472,12.733333,0,70,9,0.25,0.000967,0.000316
540,,3,7,10,5,0.410235,0.43536,2666.773651,0,70,7,0.261905,0.044385,0.00079
538,,1,1,2,7,0.217107,0.223646,967,0,70,3,0,0.001863,0.000261
541,,1,2,3,6,0.276994,0.290142,961,0,70,3,0,0.00048,0.000388
682,,3,4,7,5,0.364808,0.388375,115.865261,0,70,7,0.5,0.015432,0.000692
683,,3,3,6,6,0.308531,0.319924,40.693373,0,70,7,0.5,0.015432,0.000692
539,,3,0,3,0,0,0,0,0,41,3,0.333333,0.047083,0.000592
750,,2,5,7,6,0.359626,0.383905,2908.844669,0,70,9,0.285714,0.002361,0.000294
544,,3,5,8,6,0.375341,0.402564,348.981976,0,70,3,0.25,0.021107,0.000827
546,,6,3,9,6,0.358688,0.382225,369.515487,0,70,3,0.366667,0.062063,0.000732
547,,2,3,5,6,0.361926,0.386244,17.437057,0,70,9,0.4,0.002397,0.000286
549,,2,3,5,6,0.358688,0.382519,2.833333,0,70,9,0.4,0.002397,0.00032
552,,1,3,4,5,0.408493,0.432328,483,0,70,7,0.333333,0.040807,0.000359
554,,2,2,4,6,0.30784,0.318659,4.145207,0,70,7,0.333333,0.012674,0.000252
561,,1,5,6,5,0.369007,0.39359,21.563105,0,70,0,0.65,0.00494,0.000277
609,,2,2,4,6,0.307939,0.318746,57.248801,0,70,6,0.083333,0.005387,0.000404
811,,3,6,9,6,0.362472,0.387076,507.320861,0,70,0,0.266667,0.047697,0.000741
818,,2,9,11,5,0.414834,0.440471,341.066129,0,70,3,0.333333,0.005816,0.000397
899,,2,4,6,6,0.281616,0.29605,49.084703,0,70,3,0,0.006013,0.000664
1008,,2,5,7,6,0.362608,0.386937,288.050999,0,70,9,0.2,0.005776,0.000505
962,,3,3,6,6,0.289846,0.300936,214.191706,0,70,0,0.25,0.047479,0.00056
700,,6,9,15,6,0.326988,0.348857,175.012856,0,70,6,0.122222,0.025261,0.000992
566,,2,2,4,6,0.310623,0.324948,15.557319,0,70,3,0,0.009474,0.000358
569,,0,2,2,6,0.310545,0.321703,0,0,104,0,0,0,0.000165
576,,2,2,4,6,0.288197,0.298302,29.548088,0,70,0,0.083333,0.012251,0.000333
577,,1,3,4,6,0.36084,0.385204,179.433312,0,70,0,0.166667,0.000754,0.000371
579,,0,2,2,6,0.358526,0.381949,0,0,105,0,0.5,0,0.000165
582,,2,9,11,5,0.411463,0.437353,940.765692,0,70,5,0.077778,0.004293,0.001064
661,,2,3,5,6,0.358955,0.382779,4.745833,0,70,3,0.5,0.003894,0.000344
1031,,3,5,8,6,0.363156,0.387231,275.6294,0,70,0,0.47619,0.053752,0.000441
1028,,7,7,14,6,0.363843,0.388791,347.234703,0,70,0,0.418182,0.088254,0.001992
596,,3,0,3,0,0,0,0,0,28,0,0.333333,0.043357,0.000499
605,,4,3,7,6,0.277874,0.290714,13.750857,0,70,3,0.214286,0.053893,0.000656
623,,3,5,8,6,0.360435,0.3842,10.51615,0,70,2,0.466667,0.054904,0.000612
651,,4,4,8,5,0.361654,0.384477,20.615711,0,70,8,0.547619,0.059642,0.000609
658,,1,3,4,6,0.358153,0.381739,0,0,70,4,0.666667,0.040807,0.000359
670,,1,2,3,6,0.357488,0.380613,0,0,70,0,1,0.040807,0.000359
673,,1,4,5,5,0.362608,0.385482,10.23869,0,70,3,0.583333,0.040807,0.000359
688,,1,3,4,6,0.358153,0.381739,0,0,70,4,0.666667,0.040807,0.000359
703,,1,2,3,6,0.358955,0.381999,53.898997,0,70,6,0.5,0.040807,0.000359
704,,1,1,2,6,0.357355,0.380094,0,0,70,0,0,0.040807,0.000359
729,,3,0,3,0,0,0,0,0,68,3,0.333333,0.047988,0.00052
744,,4,7,11,5,0.415551,0.44009,165.802177,0,70,8,0.486111,0.049066,0.001073
751,,3,47,50,5,0.430233,0.467377,5229.302993,0,70,8,0.074006,0.044284,0.00099
780,,4,3,7,6,0.35842,0.382086,329.775626,0,70,8,0.3,0.054687,0.000462
834,,1,3,4,6,0.366197,0.39035,0,0,70,3,0.666667,0.040807,0.000359
862,,5,15,20,5,0.375488,0.404158,895.266724,0,70,8,0.196078,0.049761,0.001044
869,,4,9,13,6,0.359089,0.385118,145.127705,0,70,2,0.181818,0.054455,0.000694
877,,2,2,4,6,0.357754,0.38096,967,0,70,8,0.5,0.041284,0.000433
915,,3,2,5,6,0.279895,0.292862,413.34701,0,70,3,0.3,0.052973,0.000503
944,,3,3,6,6,0.362199,0.385534,12.426864,0,70,7,0.666667,0.064589,0.001494
953,,3,11,14,5,0.412521,0.438999,4516.447156,0,70,5,0.075758,0.048303,0.001493
998,,3,6,9,6,0.366058,0.391337,867.964088,0,70,7,0.303571,0.0472,0.000552
1032,,5,4,9,6,0.358688,0.382779,110.254351,0,70,0,0.366667,0.058621,0.000961
1037,,2,3,5,6,0.360435,0.384771,6.070971,0,70,0,0.416667,0.042526,0.000512
181,,3,0,3,0,0,0,0,0,62,8,0.166667,0.01388,0.000269
182,,2,0,2,0,0,0,0,0,42,7,0.5,0.012228,0.000241
610,,2,3,5,6,0.35842,0.382086,160.85379,0,70,6,0.4,0.012216,0.000375
615,,2,2,4,6,0.369007,0.394335,1189.909346,0,70,7,0,0.012054,0.000345
643,,2,2,4,6,0.288542,0.298943,427.570507,0,70,7,0.166667,0.0125,0.000361
652,,3,1,4,7,0.219434,0.225963,967,0,70,7,0.166667,0.013223,0.000459
666,,2,3,5,6,0.358955,0.382692,760.778262,0,70,9,0.35,0.012143,0.000267
712,,3,1,4,7,0.264431,0.274332,961.57619,0,70,7,0.333333,0.01334,0.000575
713,,2,1,3,8,0.209312,0.214706,1.909524,0,70,7,0.166667,0.012054,0.000257
714,,2,1,3,7,0.214063,0.220149,2.793358,0,70,7,0.166667,0.012054,0.000236
715,,4,4,8,6,0.272059,0.284286,991.253319,0,70,7,0.214286,0.014144,0.000718
716,,3,3,6,6,0.271675,0.283368,982.191588,0,70,7,0.266667,0.013318,0.000687
717,,3,1,4,7,0.213825,0.219751,5.990727,0,70,7,0.166667,0.012876,0.000439
718,,2,2,4,7,0.265087,0.275926,972.490909,0,70,7,0.166667,0.012423,0.000478
719,,2,1,3,8,0.209723,0.215451,4.178211,0,70,7,0.166667,0.012055,0.000322
720,,3,2,5,6,0.271062,0.281895,6.587734,0,70,7,0.25,0.012501,0.00028
721,,3,2,5,6,0.27091,0.281635,2.32406,0,70,7,0.3,0.012501,0.000259
737,,3,2,5,6,0.299315,0.309113,19.019713,0,70,0,0.55,0.019038,0.000341
741,,2,7,9,6,0.36929,0.394577,20.484488,0,70,0,0.482143,0.018047,0.000304
760,,3,5,8,6,0.358955,0.383351,19.324837,0,70,2,0.366667,0.016537,0.000569
766,,3,1,4,7,0.231306,0.236501,3,0,70,8,0.083333,0.01274,0.000515
779,,3,3,6,6,0.288976,0.299965,77.537345,0,70,8,0.2,0.020241,0.000435
838,,2,1,3,8,0.210411,0.215651,2.987179,0,70,7,0.166667,0.012271,0.000297
840,,3,1,4,7,0.266187,0.275809,1927.333333,0,70,7,0.166667,0.012883,0.000566
857,,2,3,5,6,0.360705,0.385118,112.525226,0,70,0,0.5,0.012579,0.000364
858,,2,3,5,6,0.360705,0.385118,96.829774,0,70,7,0.583333,0.013018,0.000349
860,,2,3,5,6,0.360976,0.385378,25.320024,0,70,7,0.583333,0.012598,0.000271
912,,3,2,5,6,0.281204,0.294577,9.789695,0,70,3,0.3,0.018653,0.00045
954,,2,3,5,6,0.302897,0.313947,44.531202,0,70,4,0.416667,0.012334,0.000326
989,,2,3,5,6,0.358554,0.382259,256.959768,0,70,9,0.25,0.012175,0.00028
994,,3,3,6,6,0.360435,0.383437,1910.88908,0,70,9,0.3,0.018533,0.000353
1006,,3,6,9,6,0.360165,0.38517,65.242363,0,70,3,0.319444,0.019925,0.000343
1013,,2,2,4,7,0.234291,0.239652,357.06678,0,70,9,0.166667,0.012106,0.000388
1021,,3,3,6,6,0.296547,0.307571,13.957612,0,70,8,0.3,0.021293,0.000546
1029,,2,0,2,0,0,0,0,0,5,7,0.5,0.013755,0.000279
1030,,6,7,13,5,0.367456,0.392169,64.269063,0,70,0,0.371795,0.027577,0.000937
646,,2,2,4,6,0.274387,0.285897,3.166667,0,70,3,0.25,0.003624,0.000334
1019,,1,5,6,6,0.36057,0.384962,89.53694,0,70,6,0.166667,0.000813,0.000312
895,,2,5,7,6,0.367878,0.393122,51.349106,0,70,5,0.55,0.008579,0.000467
914,,2,3,5,6,0.359357,0.382883,139.14268,0,70,3,0.35,0.003374,0.00037
655,,1,3,4,6,0.28104,0.29482,961,0,70,7,0.333333,0.000869,0.000556
472,,3,0,3,0,0,0,0,0,2,0,0,0.005977,0.000336
665,,2,3,5,6,0.360976,0.385291,11.176266,0,70,9,0.3,0.00135,0.000304
676,,2,0,2,0,0,0,0,0,40,4,0,0.003294,0.00027
685,,2,2,4,7,0.269242,0.280297,6.952273,0,70,4,0.083333,0.002431,0.000296
687,,0,2,2,6,0.30075,0.311146,0,0,106,4,0,0,0.000165
689,,0,3,3,5,0.361622,0.383991,0,0,107,4,0.333333,0,0.000165
697,,0,2,2,6,0.307864,0.318674,0,0,108,1,0,0,0.000165
699,,0,2,2,6,0.307864,0.318674,0,0,109,1,0,0,0.000165
701,,2,1,3,7,0.214972,0.220738,967,0,70,3,0,0.001836,0.000457
702,,1,3,4,6,0.273762,0.285516,961,0,70,3,0,0.000505,0.000554
705,,0,2,2,6,0.301032,0.311284,0,0,110,4,0,0,0.000165
752,,3,2,5,6,0.301284,0.314033,7.578332,0,70,8,0.166667,0.009125,0.000805
722,,1,9,10,6,0.362062,0.387959,1942.38254,0,70,7,0.188889,0.000524,0.000243
723,,2,2,4,6,0.270833,0.281341,968.533333,0,70,7,0.25,0.000971,0.000266
724,,1,3,4,6,0.286993,0.297419,1.833333,0,70,7,0.166667,0.000447,0.000188
725,,1,5,6,6,0.288197,0.300017,3,0,70,7,0.2,0.000447,0.000188
726,,1,2,3,6,0.270757,0.281289,3.166667,0,70,7,0.166667,0.000483,0.000279
771,,2,2,4,6,0.286054,0.295946,23.296372,0,70,3,0,0.008572,0.00034
745,,5,5,10,5,0.409536,0.433974,8.583661,0,70,8,0.375,0.016885,0.000543
742,,0,3,3,6,0.293598,0.304379,0,0,111,8,0,0,0.000165
743,,0,6,6,5,0.416883,0.440845,0,0,112,3,0.433333,0,0.000165
746,,1,3,4,6,0.359089,0.382519,0,0,70,9,0.5,0.000519,0.000215
747,,2,3,5,6,0.358955,0.382432,2,0,70,9,0.45,0.000966,0.000276
749,,2,3,5,6,0.358688,0.382173,5.518478,0,70,9,0.3,0.001002,0.000294
769,,2,4,6,6,0.29178,0.304019,6.889322,0,70,8,0.166667,0.00357,0.000998
770,,2,0,2,0,0,0,0,0,61,3,0,0.022169,0.001172
794,,0,3,3,6,0.301126,0.311734,0,0,113,8,0,0,0.000165
907,,2,2,4,6,0.295002,0.305353,10.272554,0,70,4,0.083333,0.002431,0.000296
991,,2,2,4,6,0.279245,0.292914,8.509678,0,70,9,0,0.004059,0.000292
824,,0,3,3,6,0.358927,0.38252,0,0,114,3,0.333333,0,0.000165
835,,0,2,2,6,0.308357,0.31928,0,0,115,8,0,0,0.000165
841,,1,5,6,6,0.362608,0.386937,1921.333333,0,70,6,0.1,0.000859,0.000647
868,,0,2,2,6,0.278888,0.292281,0,0,116,2,0,0,0.000165
875,,1,4,5,6,0.361111,0.385897,6.797161,0,70,8,0.333333,0.001756,0.00035
880,,0,4,4,6,0.359597,0.383506,0,0,117,6,0.166667,0,0.000165
882,,0,3,3,6,0.29944,0.310627,0,0,118,8,0,0,0.000165
884,,0,2,2,6,0.301032,0.311284,0,0,119,4,0,0,0.000165
888,,0,3,3,6,0.30905,0.320595,0,0,120,0,0.333333,0,0.000165
887,,2,0,2,0,0,0,0,0,53,0,0,0.001765,0.00035
926,,1,3,4,6,0.36929,0.394733,64.119856,0,70,3,0.333333,0.005109,0.000631
916,,0,2,2,6,0.300938,0.311319,0,0,121,4,0,0,0.000165
942,,0,2,2,6,0.308654,0.319886,0,0,122,1,0.5,0,0.000165
947,,0,4,4,6,0.370955,0.396954,0,0,123,8,0,0,0.000165
956,,0,3,3,6,0.288929,0.299913,0,0,124,0,0,0,0.000165
957,,0,3,3,6,0.288929,0.299913,0,0,125,0,0,0,0.000165
958,,0,3,3,6,0.288929,0.299913,0,0,126,0,0,0,0.000165
959,,0,3,3,6,0.288929,0.299913,0,0,127,8,0,0,0.000165
960,,0,3,3,6,0.288929,0.299913,0,0,128,0,0,0,0.000165
961,,0,3,3,6,0.288929,0.299913,0,0,129,0,0,0,0.000165
963,,0,3,3,6,0.288929,0.299913,0,0,130,1,0,0,0.000165
964,,0,3,3,6,0.288929,0.299913,0,0,131,0,0,0,0.000165
965,,0,3,3,6,0.288929,0.299913,0,0,132,0,0,0,0.000165
966,,0,3,3,6,0.288929,0.299913,0,0,133,0,0,0,0.000165
967,,0,3,3,6,0.288929,0.299913,0,0,134,0,0,0,0.000165
968,,0,3,3,6,0.289276,0.300433,0,0,135,6,0,0,0.000165
969,,0,3,3,6,0.288929,0.299913,0,0,136,0,0,0,0.000165
970,,0,3,3,6,0.288929,0.299913,0,0,137,0,0,0,0.000165
971,,0,3,3,6,0.289102,0.300173,0,0,138,0,0,0,0.000165
972,,0,3,3,6,0.288929,0.299913,0,0,139,1,0,0,0.000165
973,,0,3,3,6,0.288929,0.299913,0,0,140,1,0,0,0.000165
974,,0,3,3,6,0.288929,0.299913,0,0,141,8,0,0,0.000165
975,,0,3,3,6,0.288929,0.299913,0,0,142,0,0,0,0.000165
976,,0,3,3,6,0.288929,0.299913,0,0,143,0,0,0,0.000165
983,,0,3,3,6,0.30075,0.311215,0,0,144,8,0,0,0.000165
985,,0,2,2,6,0.309646,0.320838,0,0,145,0,0,0,0.000165
990,,2,4,6,6,0.36057,0.384321,4845.868254,0,70,7,0.233333,0.002538,0.000367
993,,1,4,5,6,0.361382,0.384633,4.856061,0,70,9,0.333333,0.002036,0.000232
1016,,2,3,5,6,0.360435,0.383437,670.496086,0,70,9,0.25,0.002967,0.000353
1017,,2,3,5,6,0.36057,0.383524,1240.15436,0,70,9,0.15,0.001564,0.000366
995,,2,3,5,6,0.360165,0.383541,1127.647285,0,70,7,0.1,0.001652,0.000477
1012,,2,2,4,6,0.269997,0.280735,48.292137,0,70,9,0.083333,0.001465,0.000434
1002,,0,3,3,6,0.358126,0.381776,0,0,146,7,0.166667,0,0.000165
1005,,1,3,4,6,0.359357,0.382952,16.712969,0,70,9,0.25,0.000537,0.000225
1036,,1,4,5,6,0.36179,0.386504,2.7,0,70,0,0.416667,0.002322,0.000269
